Domain Code,Domain,Area Code (M49),Area,Element Code,Element,Item Code (CPC),Item,Year Code,Year,Unit,Value,Flag,Flag Description
EI,Emissions intensities,4,Afghanistan,71761,Emissions intensity,F1718,Cereals excluding rice,2023,2023,kg CO2eq/kg,0.0965,E,Estimated value
EI,Emissions intensities,4,Afghanistan,71761,Emissions intensity,113,Rice,2023,2023,kg CO2eq/kg,0.9409,E,Estimated value
EI,Emissions intensities,4,Afghanistan,71761,Emissions intensity,21111.01,"Meat of cattle with the bone, fresh or chilled",2023,2023,kg CO2eq/kg,23.9309,E,Estimated value
EI,Emissions intensities,4,Afghanistan,71761,Emissions intensity,2211,Raw milk of cattle,2023,2023,kg CO2eq/kg,3.9257,E,Estimated value
EI,Emissions intensities,4,Afghanistan,71761,Emissions intensity,21116,"Meat of goat, fresh or chilled",2023,2023,kg CO2eq/kg,26.0247,E,Estimated value
EI,Emissions intensities,4,Afghanistan,71761,Emissions intensity,2292,Raw milk of goats,2023,2023,kg CO2eq/kg,5.4328,E,Estimated value
EI,Emissions intensities,4,Afghanistan,71761,Emissions intensity,21115,"Meat of sheep, fresh or chilled",2023,2023,kg CO2eq/kg,12.5973,E,Estimated value
EI,Emissions intensities,4,Afghanistan,71761,Emissions intensity,2291,Raw milk of sheep,2023,2023,kg CO2eq/kg,7.3047,E,Estimated value
EI,Emissions intensities,4,Afghanistan,71761,Emissions intensity,2293,Raw milk of camel,2023,2023,kg CO2eq/kg,4.9485,E,Estimated value
EI,Emissions intensities,4,Afghanistan,71761,Emissions intensity,21121,"Meat of chickens, fresh or chilled",2023,2023,kg CO2eq/kg,0.3714,E,Estimated value
EI,Emissions intensities,4,Afghanistan,71761,Emissions intensity,231,"Hen eggs in shell, fresh",2023,2023,kg CO2eq/kg,2.3905,E,Estimated value
EI,Emissions intensities,8,Albania,71761,Emissions intensity,F1718,Cereals excluding rice,2023,2023,kg CO2eq/kg,0.2147,E,Estimated value
EI,Emissions intensities,8,Albania,71761,Emissions intensity,21111.01,"Meat of cattle with the bone, fresh or chilled",2023,2023,kg CO2eq/kg,1.6369,E,Estimated value
EI,Emissions intensities,8,Albania,71761,Emissions intensity,2211,Raw milk of cattle,2023,2023,kg CO2eq/kg,1.4651,E,Estimated value
EI,Emissions intensities,8,Albania,71761,Emissions intensity,21116,"Meat of goat, fresh or chilled",2023,2023,kg CO2eq/kg,3.1789,E,Estimated value
EI,Emissions intensities,8,Albania,71761,Emissions intensity,2292,Raw milk of goats,2023,2023,kg CO2eq/kg,1.8844,E,Estimated value
EI,Emissions intensities,8,Albania,71761,Emissions intensity,21115,"Meat of sheep, fresh or chilled",2023,2023,kg CO2eq/kg,4.0032,E,Estimated value
EI,Emissions intensities,8,Albania,71761,Emissions intensity,2291,Raw milk of sheep,2023,2023,kg CO2eq/kg,4.9357,E,Estimated value
EI,Emissions intensities,8,Albania,71761,Emissions intensity,21121,"Meat of chickens, fresh or chilled",2023,2023,kg CO2eq/kg,0.0054,E,Estimated value
EI,Emissions intensities,8,Albania,71761,Emissions intensity,231,"Hen eggs in shell, fresh",2023,2023,kg CO2eq/kg,1.1635,E,Estimated value
EI,Emissions intensities,8,Albania,71761,Emissions intensity,21113.01,"Meat of pig with the bone, fresh or chilled",2023,2023,kg CO2eq/kg,5.4253,E,Estimated value
EI,Emissions intensities,12,Algeria,71761,Emissions intensity,F1718,Cereals excluding rice,2023,2023,kg CO2eq/kg,0.0954,E,Estimated value
EI,Emissions intensities,12,Algeria,71761,Emissions intensity,113,Rice,2023,2023,kg CO2eq/kg,119.7623,E,Estimated value
EI,Emissions intensities,12,Algeria,71761,Emissions intensity,21111.01,"Meat of cattle with the bone, fresh or chilled",2023,2023,kg CO2eq/kg,7.8041,E,Estimated value
EI,Emissions intensities,12,Algeria,71761,Emissions intensity,2211,Raw milk of cattle,2023,2023,kg CO2eq/kg,0.7546,E,Estimated value
EI,Emissions intensities,12,Algeria,71761,Emissions intensity,21116,"Meat of goat, fresh or chilled",2023,2023,kg CO2eq/kg,13.8735,E,Estimated value
EI,Emissions intensities,12,Algeria,71761,Emissions intensity,2292,Raw milk of goats,2023,2023,kg CO2eq/kg,2.0388,E,Estimated value
EI,Emissions intensities,12,Algeria,71761,Emissions intensity,21115,"Meat of sheep, fresh or chilled",2023,2023,kg CO2eq/kg,7.5765,E,Estimated value
EI,Emissions intensities,12,Algeria,71761,Emissions intensity,2291,Raw milk of sheep,2023,2023,kg CO2eq/kg,7.5113,E,Estimated value
EI,Emissions intensities,12,Algeria,71761,Emissions intensity,2293,Raw milk of camel,2023,2023,kg CO2eq/kg,10.1468,E,Estimated value
EI,Emissions intensities,12,Algeria,71761,Emissions intensity,21121,"Meat of chickens, fresh or chilled",2023,2023,kg CO2eq/kg,1.7053,E,Estimated value
EI,Emissions intensities,12,Algeria,71761,Emissions intensity,231,"Hen eggs in shell, fresh",2023,2023,kg CO2eq/kg,0.4379,E,Estimated value
EI,Emissions intensities,12,Algeria,71761,Emissions intensity,21113.01,"Meat of pig with the bone, fresh or chilled",2023,2023,kg CO2eq/kg,11.1708,E,Estimated value
EI,Emissions intensities,24,Angola,71761,Emissions intensity,F1718,Cereals excluding rice,2023,2023,kg CO2eq/kg,0.1566,E,Estimated value
EI,Emissions intensities,24,Angola,71761,Emissions intensity,113,Rice,2023,2023,kg CO2eq/kg,7.0164,E,Estimated value
EI,Emissions intensities,24,Angola,71761,Emissions intensity,21111.01,"Meat of cattle with the bone, fresh or chilled",2023,2023,kg CO2eq/kg,57.7197,E,Estimated value
EI,Emissions intensities,24,Angola,71761,Emissions intensity,2211,Raw milk of cattle,2023,2023,kg CO2eq/kg,3.7826,E,Estimated value
EI,Emissions intensities,24,Angola,71761,Emissions intensity,21116,"Meat of goat, fresh or chilled",2023,2023,kg CO2eq/kg,54.5998,E,Estimated value
EI,Emissions intensities,24,Angola,71761,Emissions intensity,21115,"Meat of sheep, fresh or chilled",2023,2023,kg CO2eq/kg,52.6936,E,Estimated value
EI,Emissions intensities,24,Angola,71761,Emissions intensity,21121,"Meat of chickens, fresh or chilled",2023,2023,kg CO2eq/kg,0.5092,E,Estimated value
EI,Emissions intensities,24,Angola,71761,Emissions intensity,231,"Hen eggs in shell, fresh",2023,2023,kg CO2eq/kg,1.6008,E,Estimated value
EI,Emissions intensities,24,Angola,71761,Emissions intensity,21113.01,"Meat of pig with the bone, fresh or chilled",2023,2023,kg CO2eq/kg,5.1305,E,Estimated value
EI,Emissions intensities,28,Antigua and Barbuda,71761,Emissions intensity,F1718,Cereals excluding rice,2023,2023,kg CO2eq/kg,0.0605,E,Estimated value
EI,Emissions intensities,28,Antigua and Barbuda,71761,Emissions intensity,21111.01,"Meat of cattle with the bone, fresh or chilled",2023,2023,kg CO2eq/kg,73.3906,E,Estimated value
EI,Emissions intensities,28,Antigua and Barbuda,71761,Emissions intensity,2211,Raw milk of cattle,2023,2023,kg CO2eq/kg,2.6752,E,Estimated value
EI,Emissions intensities,28,Antigua and Barbuda,71761,Emissions intensity,21116,"Meat of goat, fresh or chilled",2023,2023,kg CO2eq/kg,4626.5942,E,Estimated value
EI,Emissions intensities,28,Antigua and Barbuda,71761,Emissions intensity,21115,"Meat of sheep, fresh or chilled",2023,2023,kg CO2eq/kg,817.3009,E,Estimated value
EI,Emissions intensities,28,Antigua and Barbuda,71761,Emissions intensity,21121,"Meat of chickens, fresh or chilled",2023,2023,kg CO2eq/kg,9.0797,E,Estimated value
EI,Emissions intensities,28,Antigua and Barbuda,71761,Emissions intensity,231,"Hen eggs in shell, fresh",2023,2023,kg CO2eq/kg,1.0378,E,Estimated value
EI,Emissions intensities,28,Antigua and Barbuda,71761,Emissions intensity,21113.01,"Meat of pig with the bone, fresh or chilled",2023,2023,kg CO2eq/kg,27.8113,E,Estimated value
EI,Emissions intensities,32,Argentina,71761,Emissions intensity,F1718,Cereals excluding rice,2023,2023,kg CO2eq/kg,0.1371,E,Estimated value
EI,Emissions intensities,32,Argentina,71761,Emissions intensity,113,Rice,2023,2023,kg CO2eq/kg,1.3318,E,Estimated value
EI,Emissions intensities,32,Argentina,71761,Emissions intensity,21111.01,"Meat of cattle with the bone, fresh or chilled",2023,2023,kg CO2eq/kg,32.0613,E,Estimated value
EI,Emissions intensities,32,Argentina,71761,Emissions intensity,2211,Raw milk of cattle,2023,2023,kg CO2eq/kg,0.3343,E,Estimated value
EI,Emissions intensities,32,Argentina,71761,Emissions intensity,21116,"Meat of goat, fresh or chilled",2023,2023,kg CO2eq/kg,165.656,E,Estimated value
EI,Emissions intensities,32,Argentina,71761,Emissions intensity,21115,"Meat of sheep, fresh or chilled",2023,2023,kg CO2eq/kg,61.0518,E,Estimated value
EI,Emissions intensities,32,Argentina,71761,Emissions intensity,21121,"Meat of chickens, fresh or chilled",2023,2023,kg CO2eq/kg,0.1004,E,Estimated value
EI,Emissions intensities,32,Argentina,71761,Emissions intensity,231,"Hen eggs in shell, fresh",2023,2023,kg CO2eq/kg,0.2797,E,Estimated value
EI,Emissions intensities,32,Argentina,71761,Emissions intensity,21113.01,"Meat of pig with the bone, fresh or chilled",2023,2023,kg CO2eq/kg,1.6361,E,Estimated value
EI,Emissions intensities,51,Armenia,71761,Emissions intensity,F1718,Cereals excluding rice,2023,2023,kg CO2eq/kg,0.2526,E,Estimated value
EI,Emissions intensities,51,Armenia,71761,Emissions intensity,21111.01,"Meat of cattle with the bone, fresh or chilled",2023,2023,kg CO2eq/kg,6.2769,E,Estimated value
EI,Emissions intensities,51,Armenia,71761,Emissions intensity,2211,Raw milk of cattle,2023,2023,kg CO2eq/kg,0.7952,E,Estimated value
EI,Emissions intensities,51,Armenia,71761,Emissions intensity,21116,"Meat of goat, fresh or chilled",2023,2023,kg CO2eq/kg,53.7735,E,Estimated value
EI,Emissions intensities,51,Armenia,71761,Emissions intensity,2292,Raw milk of goats,2023,2023,kg CO2eq/kg,1.4094,E,Estimated value
EI,Emissions intensities,51,Armenia,71761,Emissions intensity,21115,"Meat of sheep, fresh or chilled",2023,2023,kg CO2eq/kg,3.6517,E,Estimated value
EI,Emissions intensities,51,Armenia,71761,Emissions intensity,2291,Raw milk of sheep,2023,2023,kg CO2eq/kg,3.3421,E,Estimated value
EI,Emissions intensities,51,Armenia,71761,Emissions intensity,21121,"Meat of chickens, fresh or chilled",2023,2023,kg CO2eq/kg,0.407,E,Estimated value
EI,Emissions intensities,51,Armenia,71761,Emissions intensity,231,"Hen eggs in shell, fresh",2023,2023,kg CO2eq/kg,0.3585,E,Estimated value
EI,Emissions intensities,51,Armenia,71761,Emissions intensity,21113.01,"Meat of pig with the bone, fresh or chilled",2023,2023,kg CO2eq/kg,2.8116,E,Estimated value
EI,Emissions intensities,36,Australia,71761,Emissions intensity,F1718,Cereals excluding rice,2023,2023,kg CO2eq/kg,0.2079,E,Estimated value
EI,Emissions intensities,36,Australia,71761,Emissions intensity,113,Rice,2023,2023,kg CO2eq/kg,0.999,E,Estimated value
EI,Emissions intensities,36,Australia,71761,Emissions intensity,21111.01,"Meat of cattle with the bone, fresh or chilled",2023,2023,kg CO2eq/kg,30.0917,E,Estimated value
EI,Emissions intensities,36,Australia,71761,Emissions intensity,2211,Raw milk of cattle,2023,2023,kg CO2eq/kg,0.6519,E,Estimated value
EI,Emissions intensities,36,Australia,71761,Emissions intensity,21116,"Meat of goat, fresh or chilled",2023,2023,kg CO2eq/kg,28.7758,E,Estimated value
EI,Emissions intensities,36,Australia,71761,Emissions intensity,21115,"Meat of sheep, fresh or chilled",2023,2023,kg CO2eq/kg,29.7618,E,Estimated value
EI,Emissions intensities,36,Australia,71761,Emissions intensity,21121,"Meat of chickens, fresh or chilled",2023,2023,kg CO2eq/kg,0.2236,E,Estimated value
EI,Emissions intensities,36,Australia,71761,Emissions intensity,231,"Hen eggs in shell, fresh",2023,2023,kg CO2eq/kg,0.3494,E,Estimated value
EI,Emissions intensities,36,Australia,71761,Emissions intensity,21113.01,"Meat of pig with the bone, fresh or chilled",2023,2023,kg CO2eq/kg,2.6705,E,Estimated value
EI,Emissions intensities,40,Austria,71761,Emissions intensity,F1718,Cereals excluding rice,2023,2023,kg CO2eq/kg,0.1381,E,Estimated value
EI,Emissions intensities,40,Austria,71761,Emissions intensity,21111.01,"Meat of cattle with the bone, fresh or chilled",2023,2023,kg CO2eq/kg,13.8292,E,Estimated value
EI,Emissions intensities,40,Austria,71761,Emissions intensity,2211,Raw milk of cattle,2023,2023,kg CO2eq/kg,0.6898,E,Estimated value
EI,Emissions intensities,40,Austria,71761,Emissions intensity,21116,"Meat of goat, fresh or chilled",2023,2023,kg CO2eq/kg,10.86,E,Estimated value
EI,Emissions intensities,40,Austria,71761,Emissions intensity,2292,Raw milk of goats,2023,2023,kg CO2eq/kg,0.5946,E,Estimated value
EI,Emissions intensities,40,Austria,71761,Emissions intensity,21115,"Meat of sheep, fresh or chilled",2023,2023,kg CO2eq/kg,17.3238,E,Estimated value
EI,Emissions intensities,40,Austria,71761,Emissions intensity,2291,Raw milk of sheep,2023,2023,kg CO2eq/kg,0.7803,E,Estimated value
EI,Emissions intensities,40,Austria,71761,Emissions intensity,21113.01,"Meat of pig with the bone, fresh or chilled",2023,2023,kg CO2eq/kg,1.6049,E,Estimated value
EI,Emissions intensities,31,Azerbaijan,71761,Emissions intensity,F1718,Cereals excluding rice,2023,2023,kg CO2eq/kg,0.1195,E,Estimated value
EI,Emissions intensities,31,Azerbaijan,71761,Emissions intensity,113,Rice,2023,2023,kg CO2eq/kg,1.7571,E,Estimated value
EI,Emissions intensities,31,Azerbaijan,71761,Emissions intensity,21111.01,"Meat of cattle with the bone, fresh or chilled",2023,2023,kg CO2eq/kg,9.8675,E,Estimated value
EI,Emissions intensities,31,Azerbaijan,71761,Emissions intensity,2211,Raw milk of cattle,2023,2023,kg CO2eq/kg,1.1426,E,Estimated value
EI,Emissions intensities,31,Azerbaijan,71761,Emissions intensity,2292,Raw milk of goats,2023,2023,kg CO2eq/kg,4.7105,E,Estimated value
EI,Emissions intensities,31,Azerbaijan,71761,Emissions intensity,21115,"Meat of sheep, fresh or chilled",2023,2023,kg CO2eq/kg,15.196,E,Estimated value
EI,Emissions intensities,31,Azerbaijan,71761,Emissions intensity,2291,Raw milk of sheep,2023,2023,kg CO2eq/kg,2.2909,E,Estimated value
EI,Emissions intensities,31,Azerbaijan,71761,Emissions intensity,21121,"Meat of chickens, fresh or chilled",2023,2023,kg CO2eq/kg,0.3934,E,Estimated value
EI,Emissions intensities,31,Azerbaijan,71761,Emissions intensity,231,"Hen eggs in shell, fresh",2023,2023,kg CO2eq/kg,0.5801,E,Estimated value
EI,Emissions intensities,31,Azerbaijan,71761,Emissions intensity,21113.01,"Meat of pig with the bone, fresh or chilled",2023,2023,kg CO2eq/kg,2.2699,E,Estimated value
EI,Emissions intensities,44,Bahamas,71761,Emissions intensity,F1718,Cereals excluding rice,2023,2023,kg CO2eq/kg,0.0521,E,Estimated value
EI,Emissions intensities,44,Bahamas,71761,Emissions intensity,21111.01,"Meat of cattle with the bone, fresh or chilled",2023,2023,kg CO2eq/kg,8.1769,E,Estimated value
EI,Emissions intensities,44,Bahamas,71761,Emissions intensity,2211,Raw milk of cattle,2023,2023,kg CO2eq/kg,2.4804,E,Estimated value
EI,Emissions intensities,44,Bahamas,71761,Emissions intensity,21116,"Meat of goat, fresh or chilled",2023,2023,kg CO2eq/kg,25.1299,E,Estimated value
EI,Emissions intensities,44,Bahamas,71761,Emissions intensity,2292,Raw milk of goats,2023,2023,kg CO2eq/kg,1.2189,E,Estimated value
EI,Emissions intensities,44,Bahamas,71761,Emissions intensity,21115,"Meat of sheep, fresh or chilled",2023,2023,kg CO2eq/kg,47.1151,E,Estimated value
EI,Emissions intensities,44,Bahamas,71761,Emissions intensity,21121,"Meat of chickens, fresh or chilled",2023,2023,kg CO2eq/kg,1.9692,E,Estimated value
EI,Emissions intensities,44,Bahamas,71761,Emissions intensity,231,"Hen eggs in shell, fresh",2023,2023,kg CO2eq/kg,0.7005,E,Estimated value
EI,Emissions intensities,44,Bahamas,71761,Emissions intensity,21113.01,"Meat of pig with the bone, fresh or chilled",2023,2023,kg CO2eq/kg,3.3187,E,Estimated value
EI,Emissions intensities,48,Bahrain,71761,Emissions intensity,21111.01,"Meat of cattle with the bone, fresh or chilled",2023,2023,kg CO2eq/kg,4.0405,E,Estimated value
EI,Emissions intensities,48,Bahrain,71761,Emissions intensity,2211,Raw milk of cattle,2023,2023,kg CO2eq/kg,0.9032,E,Estimated value
EI,Emissions intensities,48,Bahrain,71761,Emissions intensity,21116,"Meat of goat, fresh or chilled",2023,2023,kg CO2eq/kg,20.0758,E,Estimated value
EI,Emissions intensities,48,Bahrain,71761,Emissions intensity,2292,Raw milk of goats,2023,2023,kg CO2eq/kg,2.3252,E,Estimated value
EI,Emissions intensities,48,Bahrain,71761,Emissions intensity,21115,"Meat of sheep, fresh or chilled",2023,2023,kg CO2eq/kg,0.4818,E,Estimated value
EI,Emissions intensities,48,Bahrain,71761,Emissions intensity,2291,Raw milk of sheep,2023,2023,kg CO2eq/kg,2.6509,E,Estimated value
EI,Emissions intensities,48,Bahrain,71761,Emissions intensity,21121,"Meat of chickens, fresh or chilled",2023,2023,kg CO2eq/kg,0.7194,E,Estimated value
EI,Emissions intensities,48,Bahrain,71761,Emissions intensity,231,"Hen eggs in shell, fresh",2023,2023,kg CO2eq/kg,0.3076,E,Estimated value
EI,Emissions intensities,50,Bangladesh,71761,Emissions intensity,F1718,Cereals excluding rice,2023,2023,kg CO2eq/kg,0.122,E,Estimated value
EI,Emissions intensities,50,Bangladesh,71761,Emissions intensity,113,Rice,2023,2023,kg CO2eq/kg,0.7387,E,Estimated value
EI,Emissions intensities,50,Bangladesh,71761,Emissions intensity,21111.01,"Meat of cattle with the bone, fresh or chilled",2023,2023,kg CO2eq/kg,72.0978,E,Estimated value
EI,Emissions intensities,50,Bangladesh,71761,Emissions intensity,2211,Raw milk of cattle,2023,2023,kg CO2eq/kg,1.4186,E,Estimated value
EI,Emissions intensities,50,Bangladesh,71761,Emissions intensity,21116,"Meat of goat, fresh or chilled",2023,2023,kg CO2eq/kg,17.125,E,Estimated value
EI,Emissions intensities,50,Bangladesh,71761,Emissions intensity,2292,Raw milk of goats,2023,2023,kg CO2eq/kg,2.2608,E,Estimated value
EI,Emissions intensities,50,Bangladesh,71761,Emissions intensity,21112,"Meat of buffalo, fresh or chilled",2023,2023,kg CO2eq/kg,266.6791,E,Estimated value
EI,Emissions intensities,50,Bangladesh,71761,Emissions intensity,2212,Raw milk of buffalo,2023,2023,kg CO2eq/kg,2.8738,E,Estimated value
EI,Emissions intensities,50,Bangladesh,71761,Emissions intensity,21115,"Meat of sheep, fresh or chilled",2023,2023,kg CO2eq/kg,88.332,E,Estimated value
EI,Emissions intensities,50,Bangladesh,71761,Emissions intensity,2291,Raw milk of sheep,2023,2023,kg CO2eq/kg,4.1901,E,Estimated value
EI,Emissions intensities,50,Bangladesh,71761,Emissions intensity,21121,"Meat of chickens, fresh or chilled",2023,2023,kg CO2eq/kg,1.91,E,Estimated value
EI,Emissions intensities,50,Bangladesh,71761,Emissions intensity,231,"Hen eggs in shell, fresh",2023,2023,kg CO2eq/kg,2.0199,E,Estimated value
EI,Emissions intensities,52,Barbados,71761,Emissions intensity,F1718,Cereals excluding rice,2023,2023,kg CO2eq/kg,0.4986,E,Estimated value
EI,Emissions intensities,52,Barbados,71761,Emissions intensity,21111.01,"Meat of cattle with the bone, fresh or chilled",2023,2023,kg CO2eq/kg,94.2087,E,Estimated value
EI,Emissions intensities,52,Barbados,71761,Emissions intensity,2211,Raw milk of cattle,2023,2023,kg CO2eq/kg,1.801,E,Estimated value
EI,Emissions intensities,52,Barbados,71761,Emissions intensity,21116,"Meat of goat, fresh or chilled",2023,2023,kg CO2eq/kg,44.3564,E,Estimated value
EI,Emissions intensities,52,Barbados,71761,Emissions intensity,21115,"Meat of sheep, fresh or chilled",2023,2023,kg CO2eq/kg,30.762,E,Estimated value
EI,Emissions intensities,52,Barbados,71761,Emissions intensity,21121,"Meat of chickens, fresh or chilled",2023,2023,kg CO2eq/kg,0.9981,E,Estimated value
EI,Emissions intensities,52,Barbados,71761,Emissions intensity,231,"Hen eggs in shell, fresh",2023,2023,kg CO2eq/kg,1.8382,E,Estimated value
EI,Emissions intensities,52,Barbados,71761,Emissions intensity,21113.01,"Meat of pig with the bone, fresh or chilled",2023,2023,kg CO2eq/kg,2.1654,E,Estimated value
EI,Emissions intensities,112,Belarus,71761,Emissions intensity,F1718,Cereals excluding rice,2023,2023,kg CO2eq/kg,0.3189,E,Estimated value
EI,Emissions intensities,112,Belarus,71761,Emissions intensity,21111.01,"Meat of cattle with the bone, fresh or chilled",2023,2023,kg CO2eq/kg,16.1529,E,Estimated value
EI,Emissions intensities,112,Belarus,71761,Emissions intensity,2211,Raw milk of cattle,2023,2023,kg CO2eq/kg,0.6714,E,Estimated value
EI,Emissions intensities,112,Belarus,71761,Emissions intensity,2292,Raw milk of goats,2023,2023,kg CO2eq/kg,0.5701,E,Estimated value
EI,Emissions intensities,112,Belarus,71761,Emissions intensity,21115,"Meat of sheep, fresh or chilled",2023,2023,kg CO2eq/kg,25.204,E,Estimated value
EI,Emissions intensities,112,Belarus,71761,Emissions intensity,21121,"Meat of chickens, fresh or chilled",2023,2023,kg CO2eq/kg,0.7282,E,Estimated value
EI,Emissions intensities,112,Belarus,71761,Emissions intensity,231,"Hen eggs in shell, fresh",2023,2023,kg CO2eq/kg,1.3964,E,Estimated value
EI,Emissions intensities,112,Belarus,71761,Emissions intensity,21113.01,"Meat of pig with the bone, fresh or chilled",2023,2023,kg CO2eq/kg,1.4033,E,Estimated value
EI,Emissions intensities,56,Belgium,71761,Emissions intensity,F1718,Cereals excluding rice,2023,2023,kg CO2eq/kg,0.139,E,Estimated value
EI,Emissions intensities,56,Belgium,71761,Emissions intensity,21111.01,"Meat of cattle with the bone, fresh or chilled",2023,2023,kg CO2eq/kg,15.5866,E,Estimated value
EI,Emissions intensities,56,Belgium,71761,Emissions intensity,2211,Raw milk of cattle,2023,2023,kg CO2eq/kg,0.533,E,Estimated value
EI,Emissions intensities,56,Belgium,71761,Emissions intensity,21121,"Meat of chickens, fresh or chilled",2023,2023,kg CO2eq/kg,0.2685,E,Estimated value
EI,Emissions intensities,56,Belgium,71761,Emissions intensity,21113.01,"Meat of pig with the bone, fresh or chilled",2023,2023,kg CO2eq/kg,1.6762,E,Estimated value
EI,Emissions intensities,84,Belize,71761,Emissions intensity,F1718,Cereals excluding rice,2023,2023,kg CO2eq/kg,0.366,E,Estimated value
EI,Emissions intensities,84,Belize,71761,Emissions intensity,113,Rice,2023,2023,kg CO2eq/kg,0.6003,E,Estimated value
EI,Emissions intensities,84,Belize,71761,Emissions intensity,21111.01,"Meat of cattle with the bone, fresh or chilled",2023,2023,kg CO2eq/kg,101.9986,E,Estimated value
EI,Emissions intensities,84,Belize,71761,Emissions intensity,2211,Raw milk of cattle,2023,2023,kg CO2eq/kg,3.3853,E,Estimated value
EI,Emissions intensities,84,Belize,71761,Emissions intensity,21116,"Meat of goat, fresh or chilled",2023,2023,kg CO2eq/kg,57.3684,E,Estimated value
EI,Emissions intensities,84,Belize,71761,Emissions intensity,21115,"Meat of sheep, fresh or chilled",2023,2023,kg CO2eq/kg,26.8705,E,Estimated value
EI,Emissions intensities,84,Belize,71761,Emissions intensity,21121,"Meat of chickens, fresh or chilled",2023,2023,kg CO2eq/kg,0.1721,E,Estimated value
EI,Emissions intensities,84,Belize,71761,Emissions intensity,231,"Hen eggs in shell, fresh",2023,2023,kg CO2eq/kg,1.1986,E,Estimated value
EI,Emissions intensities,84,Belize,71761,Emissions intensity,21113.01,"Meat of pig with the bone, fresh or chilled",2023,2023,kg CO2eq/kg,2.1515,E,Estimated value
EI,Emissions intensities,204,Benin,71761,Emissions intensity,F1718,Cereals excluding rice,2023,2023,kg CO2eq/kg,0.2055,E,Estimated value
EI,Emissions intensities,204,Benin,71761,Emissions intensity,113,Rice,2023,2023,kg CO2eq/kg,0.3967,E,Estimated value
EI,Emissions intensities,204,Benin,71761,Emissions intensity,21111.01,"Meat of cattle with the bone, fresh or chilled",2023,2023,kg CO2eq/kg,58.7803,E,Estimated value
EI,Emissions intensities,204,Benin,71761,Emissions intensity,2211,Raw milk of cattle,2023,2023,kg CO2eq/kg,8.5703,E,Estimated value
EI,Emissions intensities,204,Benin,71761,Emissions intensity,21116,"Meat of goat, fresh or chilled",2023,2023,kg CO2eq/kg,52.1941,E,Estimated value
EI,Emissions intensities,204,Benin,71761,Emissions intensity,2292,Raw milk of goats,2023,2023,kg CO2eq/kg,2.7966,E,Estimated value
EI,Emissions intensities,204,Benin,71761,Emissions intensity,21115,"Meat of sheep, fresh or chilled",2023,2023,kg CO2eq/kg,43.6232,E,Estimated value
EI,Emissions intensities,204,Benin,71761,Emissions intensity,21121,"Meat of chickens, fresh or chilled",2023,2023,kg CO2eq/kg,0,E,Estimated value
EI,Emissions intensities,204,Benin,71761,Emissions intensity,231,"Hen eggs in shell, fresh",2023,2023,kg CO2eq/kg,5.8109,E,Estimated value
EI,Emissions intensities,204,Benin,71761,Emissions intensity,21113.01,"Meat of pig with the bone, fresh or chilled",2023,2023,kg CO2eq/kg,23.4342,E,Estimated value
EI,Emissions intensities,64,Bhutan,71761,Emissions intensity,F1718,Cereals excluding rice,2023,2023,kg CO2eq/kg,0.1058,E,Estimated value
EI,Emissions intensities,64,Bhutan,71761,Emissions intensity,113,Rice,2023,2023,kg CO2eq/kg,0.824,E,Estimated value
EI,Emissions intensities,64,Bhutan,71761,Emissions intensity,21111.01,"Meat of cattle with the bone, fresh or chilled",2023,2023,kg CO2eq/kg,102.2311,E,Estimated value
EI,Emissions intensities,64,Bhutan,71761,Emissions intensity,2211,Raw milk of cattle,2023,2023,kg CO2eq/kg,2.8559,E,Estimated value
EI,Emissions intensities,64,Bhutan,71761,Emissions intensity,21116,"Meat of goat, fresh or chilled",2023,2023,kg CO2eq/kg,61.6048,E,Estimated value
EI,Emissions intensities,64,Bhutan,71761,Emissions intensity,21112,"Meat of buffalo, fresh or chilled",2023,2023,kg CO2eq/kg,841.1003,E,Estimated value
EI,Emissions intensities,64,Bhutan,71761,Emissions intensity,21115,"Meat of sheep, fresh or chilled",2023,2023,kg CO2eq/kg,91.5333,E,Estimated value
EI,Emissions intensities,64,Bhutan,71761,Emissions intensity,21121,"Meat of chickens, fresh or chilled",2023,2023,kg CO2eq/kg,0.4957,E,Estimated value
EI,Emissions intensities,64,Bhutan,71761,Emissions intensity,231,"Hen eggs in shell, fresh",2023,2023,kg CO2eq/kg,0.9543,E,Estimated value
EI,Emissions intensities,64,Bhutan,71761,Emissions intensity,21113.01,"Meat of pig with the bone, fresh or chilled",2023,2023,kg CO2eq/kg,2.2482,E,Estimated value
EI,Emissions intensities,68,Bolivia (Plurinational State of),71761,Emissions intensity,F1718,Cereals excluding rice,2023,2023,kg CO2eq/kg,0.0855,E,Estimated value
EI,Emissions intensities,68,Bolivia (Plurinational State of),71761,Emissions intensity,113,Rice,2023,2023,kg CO2eq/kg,0.6825,E,Estimated value
EI,Emissions intensities,68,Bolivia (Plurinational State of),71761,Emissions intensity,21111.01,"Meat of cattle with the bone, fresh or chilled",2023,2023,kg CO2eq/kg,66.5639,E,Estimated value
EI,Emissions intensities,68,Bolivia (Plurinational State of),71761,Emissions intensity,2211,Raw milk of cattle,2023,2023,kg CO2eq/kg,1.0023,E,Estimated value
EI,Emissions intensities,68,Bolivia (Plurinational State of),71761,Emissions intensity,21116,"Meat of goat, fresh or chilled",2023,2023,kg CO2eq/kg,52.478,E,Estimated value
EI,Emissions intensities,68,Bolivia (Plurinational State of),71761,Emissions intensity,2292,Raw milk of goats,2023,2023,kg CO2eq/kg,3.8152,E,Estimated value
EI,Emissions intensities,68,Bolivia (Plurinational State of),71761,Emissions intensity,21115,"Meat of sheep, fresh or chilled",2023,2023,kg CO2eq/kg,41.1559,E,Estimated value
EI,Emissions intensities,68,Bolivia (Plurinational State of),71761,Emissions intensity,2291,Raw milk of sheep,2023,2023,kg CO2eq/kg,8.3139,E,Estimated value
EI,Emissions intensities,68,Bolivia (Plurinational State of),71761,Emissions intensity,21121,"Meat of chickens, fresh or chilled",2023,2023,kg CO2eq/kg,1.3767,E,Estimated value
EI,Emissions intensities,68,Bolivia (Plurinational State of),71761,Emissions intensity,231,"Hen eggs in shell, fresh",2023,2023,kg CO2eq/kg,1.0713,E,Estimated value
EI,Emissions intensities,68,Bolivia (Plurinational State of),71761,Emissions intensity,21113.01,"Meat of pig with the bone, fresh or chilled",2023,2023,kg CO2eq/kg,5.269,E,Estimated value
EI,Emissions intensities,70,Bosnia and Herzegovina,71761,Emissions intensity,F1718,Cereals excluding rice,2023,2023,kg CO2eq/kg,0.1327,E,Estimated value
EI,Emissions intensities,70,Bosnia and Herzegovina,71761,Emissions intensity,21111.01,"Meat of cattle with the bone, fresh or chilled",2023,2023,kg CO2eq/kg,40.5397,E,Estimated value
EI,Emissions intensities,70,Bosnia and Herzegovina,71761,Emissions intensity,2211,Raw milk of cattle,2023,2023,kg CO2eq/kg,1.1486,E,Estimated value
EI,Emissions intensities,70,Bosnia and Herzegovina,71761,Emissions intensity,21115,"Meat of sheep, fresh or chilled",2023,2023,kg CO2eq/kg,227.144,E,Estimated value
EI,Emissions intensities,70,Bosnia and Herzegovina,71761,Emissions intensity,2291,Raw milk of sheep,2023,2023,kg CO2eq/kg,4.6476,E,Estimated value
EI,Emissions intensities,70,Bosnia and Herzegovina,71761,Emissions intensity,21121,"Meat of chickens, fresh or chilled",2023,2023,kg CO2eq/kg,0.2996,E,Estimated value
EI,Emissions intensities,70,Bosnia and Herzegovina,71761,Emissions intensity,231,"Hen eggs in shell, fresh",2023,2023,kg CO2eq/kg,1.3036,E,Estimated value
EI,Emissions intensities,70,Bosnia and Herzegovina,71761,Emissions intensity,21113.01,"Meat of pig with the bone, fresh or chilled",2023,2023,kg CO2eq/kg,17.0223,E,Estimated value
EI,Emissions intensities,72,Botswana,71761,Emissions intensity,F1718,Cereals excluding rice,2023,2023,kg CO2eq/kg,1.1256,E,Estimated value
EI,Emissions intensities,72,Botswana,71761,Emissions intensity,21111.01,"Meat of cattle with the bone, fresh or chilled",2023,2023,kg CO2eq/kg,18.6979,E,Estimated value
EI,Emissions intensities,72,Botswana,71761,Emissions intensity,2211,Raw milk of cattle,2023,2023,kg CO2eq/kg,0.3051,E,Estimated value
EI,Emissions intensities,72,Botswana,71761,Emissions intensity,21116,"Meat of goat, fresh or chilled",2023,2023,kg CO2eq/kg,62.6136,E,Estimated value
EI,Emissions intensities,72,Botswana,71761,Emissions intensity,2292,Raw milk of goats,2023,2023,kg CO2eq/kg,1.9813,E,Estimated value
EI,Emissions intensities,72,Botswana,71761,Emissions intensity,21115,"Meat of sheep, fresh or chilled",2023,2023,kg CO2eq/kg,35.0082,E,Estimated value
EI,Emissions intensities,72,Botswana,71761,Emissions intensity,21121,"Meat of chickens, fresh or chilled",2023,2023,kg CO2eq/kg,0.3728,E,Estimated value
EI,Emissions intensities,72,Botswana,71761,Emissions intensity,231,"Hen eggs in shell, fresh",2023,2023,kg CO2eq/kg,1.1369,E,Estimated value
EI,Emissions intensities,72,Botswana,71761,Emissions intensity,21113.01,"Meat of pig with the bone, fresh or chilled",2023,2023,kg CO2eq/kg,2.1962,E,Estimated value
EI,Emissions intensities,76,Brazil,71761,Emissions intensity,F1718,Cereals excluding rice,2023,2023,kg CO2eq/kg,0.1559,E,Estimated value
EI,Emissions intensities,76,Brazil,71761,Emissions intensity,113,Rice,2023,2023,kg CO2eq/kg,0.5797,E,Estimated value
EI,Emissions intensities,76,Brazil,71761,Emissions intensity,21111.01,"Meat of cattle with the bone, fresh or chilled",2023,2023,kg CO2eq/kg,39.9558,E,Estimated value
EI,Emissions intensities,76,Brazil,71761,Emissions intensity,2211,Raw milk of cattle,2023,2023,kg CO2eq/kg,1.0843,E,Estimated value
EI,Emissions intensities,76,Brazil,71761,Emissions intensity,21116,"Meat of goat, fresh or chilled",2023,2023,kg CO2eq/kg,41.0922,E,Estimated value
EI,Emissions intensities,76,Brazil,71761,Emissions intensity,2292,Raw milk of goats,2023,2023,kg CO2eq/kg,4.6107,E,Estimated value
EI,Emissions intensities,76,Brazil,71761,Emissions intensity,21115,"Meat of sheep, fresh or chilled",2023,2023,kg CO2eq/kg,42.6348,E,Estimated value
EI,Emissions intensities,76,Brazil,71761,Emissions intensity,21121,"Meat of chickens, fresh or chilled",2023,2023,kg CO2eq/kg,0.3342,E,Estimated value
EI,Emissions intensities,76,Brazil,71761,Emissions intensity,231,"Hen eggs in shell, fresh",2023,2023,kg CO2eq/kg,0.4125,E,Estimated value
EI,Emissions intensities,76,Brazil,71761,Emissions intensity,21113.01,"Meat of pig with the bone, fresh or chilled",2023,2023,kg CO2eq/kg,1.7188,E,Estimated value
EI,Emissions intensities,96,Brunei Darussalam,71761,Emissions intensity,113,Rice,2023,2023,kg CO2eq/kg,2.2893,E,Estimated value
EI,Emissions intensities,96,Brunei Darussalam,71761,Emissions intensity,21111.01,"Meat of cattle with the bone, fresh or chilled",2023,2023,kg CO2eq/kg,0.5041,E,Estimated value
EI,Emissions intensities,96,Brunei Darussalam,71761,Emissions intensity,2211,Raw milk of cattle,2023,2023,kg CO2eq/kg,5.2857,E,Estimated value
EI,Emissions intensities,96,Brunei Darussalam,71761,Emissions intensity,21116,"Meat of goat, fresh or chilled",2023,2023,kg CO2eq/kg,53.2234,E,Estimated value
EI,Emissions intensities,96,Brunei Darussalam,71761,Emissions intensity,21112,"Meat of buffalo, fresh or chilled",2023,2023,kg CO2eq/kg,3.0253,E,Estimated value
EI,Emissions intensities,96,Brunei Darussalam,71761,Emissions intensity,2212,Raw milk of buffalo,2023,2023,kg CO2eq/kg,2.0222,E,Estimated value
EI,Emissions intensities,96,Brunei Darussalam,71761,Emissions intensity,21115,"Meat of sheep, fresh or chilled",2023,2023,kg CO2eq/kg,27.4386,E,Estimated value
EI,Emissions intensities,96,Brunei Darussalam,71761,Emissions intensity,21121,"Meat of chickens, fresh or chilled",2023,2023,kg CO2eq/kg,2.5613,E,Estimated value
EI,Emissions intensities,96,Brunei Darussalam,71761,Emissions intensity,231,"Hen eggs in shell, fresh",2023,2023,kg CO2eq/kg,0.7323,E,Estimated value
EI,Emissions intensities,96,Brunei Darussalam,71761,Emissions intensity,21113.01,"Meat of pig with the bone, fresh or chilled",2023,2023,kg CO2eq/kg,7.8508,E,Estimated value
EI,Emissions intensities,100,Bulgaria,71761,Emissions intensity,F1718,Cereals excluding rice,2023,2023,kg CO2eq/kg,0.2275,E,Estimated value
EI,Emissions intensities,100,Bulgaria,71761,Emissions intensity,113,Rice,2023,2023,kg CO2eq/kg,5.2433,E,Estimated value
EI,Emissions intensities,100,Bulgaria,71761,Emissions intensity,21111.01,"Meat of cattle with the bone, fresh or chilled",2023,2023,kg CO2eq/kg,50.2476,E,Estimated value
EI,Emissions intensities,100,Bulgaria,71761,Emissions intensity,2211,Raw milk of cattle,2023,2023,kg CO2eq/kg,1.015,E,Estimated value
EI,Emissions intensities,100,Bulgaria,71761,Emissions intensity,21116,"Meat of goat, fresh or chilled",2023,2023,kg CO2eq/kg,4.9224,E,Estimated value
EI,Emissions intensities,100,Bulgaria,71761,Emissions intensity,2292,Raw milk of goats,2023,2023,kg CO2eq/kg,1.9329,E,Estimated value
EI,Emissions intensities,100,Bulgaria,71761,Emissions intensity,2212,Raw milk of buffalo,2023,2023,kg CO2eq/kg,1.8142,E,Estimated value
EI,Emissions intensities,100,Bulgaria,71761,Emissions intensity,21115,"Meat of sheep, fresh or chilled",2023,2023,kg CO2eq/kg,13.1894,E,Estimated value
EI,Emissions intensities,100,Bulgaria,71761,Emissions intensity,2291,Raw milk of sheep,2023,2023,kg CO2eq/kg,4.8082,E,Estimated value
EI,Emissions intensities,100,Bulgaria,71761,Emissions intensity,21113.01,"Meat of pig with the bone, fresh or chilled",2023,2023,kg CO2eq/kg,1.9326,E,Estimated value
EI,Emissions intensities,854,Burkina Faso,71761,Emissions intensity,F1718,Cereals excluding rice,2023,2023,kg CO2eq/kg,0.1246,E,Estimated value
EI,Emissions intensities,854,Burkina Faso,71761,Emissions intensity,113,Rice,2023,2023,kg CO2eq/kg,3.1638,E,Estimated value
EI,Emissions intensities,854,Burkina Faso,71761,Emissions intensity,21111.01,"Meat of cattle with the bone, fresh or chilled",2023,2023,kg CO2eq/kg,82.7969,E,Estimated value
EI,Emissions intensities,854,Burkina Faso,71761,Emissions intensity,2211,Raw milk of cattle,2023,2023,kg CO2eq/kg,13.6339,E,Estimated value
EI,Emissions intensities,854,Burkina Faso,71761,Emissions intensity,21116,"Meat of goat, fresh or chilled",2023,2023,kg CO2eq/kg,74.3264,E,Estimated value
EI,Emissions intensities,854,Burkina Faso,71761,Emissions intensity,2292,Raw milk of goats,2023,2023,kg CO2eq/kg,4.1887,E,Estimated value
EI,Emissions intensities,854,Burkina Faso,71761,Emissions intensity,21115,"Meat of sheep, fresh or chilled",2023,2023,kg CO2eq/kg,91.2473,E,Estimated value
EI,Emissions intensities,854,Burkina Faso,71761,Emissions intensity,2291,Raw milk of sheep,2023,2023,kg CO2eq/kg,3.8921,E,Estimated value
EI,Emissions intensities,854,Burkina Faso,71761,Emissions intensity,2293,Raw milk of camel,2023,2023,kg CO2eq/kg,14.8534,E,Estimated value
EI,Emissions intensities,854,Burkina Faso,71761,Emissions intensity,21121,"Meat of chickens, fresh or chilled",2023,2023,kg CO2eq/kg,0.4791,E,Estimated value
EI,Emissions intensities,854,Burkina Faso,71761,Emissions intensity,231,"Hen eggs in shell, fresh",2023,2023,kg CO2eq/kg,1.2737,E,Estimated value
EI,Emissions intensities,854,Burkina Faso,71761,Emissions intensity,21113.01,"Meat of pig with the bone, fresh or chilled",2023,2023,kg CO2eq/kg,2.2909,E,Estimated value
EI,Emissions intensities,108,Burundi,71761,Emissions intensity,F1718,Cereals excluding rice,2023,2023,kg CO2eq/kg,0.1676,E,Estimated value
EI,Emissions intensities,108,Burundi,71761,Emissions intensity,113,Rice,2023,2023,kg CO2eq/kg,1.1185,E,Estimated value
EI,Emissions intensities,108,Burundi,71761,Emissions intensity,21111.01,"Meat of cattle with the bone, fresh or chilled",2023,2023,kg CO2eq/kg,87.4546,E,Estimated value
EI,Emissions intensities,108,Burundi,71761,Emissions intensity,2211,Raw milk of cattle,2023,2023,kg CO2eq/kg,3.7504,E,Estimated value
EI,Emissions intensities,108,Burundi,71761,Emissions intensity,21116,"Meat of goat, fresh or chilled",2023,2023,kg CO2eq/kg,201.0401,E,Estimated value
EI,Emissions intensities,108,Burundi,71761,Emissions intensity,2292,Raw milk of goats,2023,2023,kg CO2eq/kg,3.0042,E,Estimated value
EI,Emissions intensities,108,Burundi,71761,Emissions intensity,21115,"Meat of sheep, fresh or chilled",2023,2023,kg CO2eq/kg,228.5173,E,Estimated value
EI,Emissions intensities,108,Burundi,71761,Emissions intensity,2291,Raw milk of sheep,2023,2023,kg CO2eq/kg,14.0926,E,Estimated value
EI,Emissions intensities,108,Burundi,71761,Emissions intensity,21121,"Meat of chickens, fresh or chilled",2023,2023,kg CO2eq/kg,1.0359,E,Estimated value
EI,Emissions intensities,108,Burundi,71761,Emissions intensity,231,"Hen eggs in shell, fresh",2023,2023,kg CO2eq/kg,1.7758,E,Estimated value
EI,Emissions intensities,108,Burundi,71761,Emissions intensity,21113.01,"Meat of pig with the bone, fresh or chilled",2023,2023,kg CO2eq/kg,32.0587,E,Estimated value
EI,Emissions intensities,132,Cabo Verde,71761,Emissions intensity,F1718,Cereals excluding rice,2023,2023,kg CO2eq/kg,5.7242,E,Estimated value
EI,Emissions intensities,132,Cabo Verde,71761,Emissions intensity,21111.01,"Meat of cattle with the bone, fresh or chilled",2023,2023,kg CO2eq/kg,39.6298,E,Estimated value
EI,Emissions intensities,132,Cabo Verde,71761,Emissions intensity,2211,Raw milk of cattle,2023,2023,kg CO2eq/kg,3.2818,E,Estimated value
EI,Emissions intensities,132,Cabo Verde,71761,Emissions intensity,21116,"Meat of goat, fresh or chilled",2023,2023,kg CO2eq/kg,27.2147,E,Estimated value
EI,Emissions intensities,132,Cabo Verde,71761,Emissions intensity,2292,Raw milk of goats,2023,2023,kg CO2eq/kg,2.6456,E,Estimated value
EI,Emissions intensities,132,Cabo Verde,71761,Emissions intensity,21115,"Meat of sheep, fresh or chilled",2023,2023,kg CO2eq/kg,48.3741,E,Estimated value
EI,Emissions intensities,132,Cabo Verde,71761,Emissions intensity,21121,"Meat of chickens, fresh or chilled",2023,2023,kg CO2eq/kg,2.4247,E,Estimated value
EI,Emissions intensities,132,Cabo Verde,71761,Emissions intensity,231,"Hen eggs in shell, fresh",2023,2023,kg CO2eq/kg,0.8077,E,Estimated value
EI,Emissions intensities,132,Cabo Verde,71761,Emissions intensity,21113.01,"Meat of pig with the bone, fresh or chilled",2023,2023,kg CO2eq/kg,7.2829,E,Estimated value
EI,Emissions intensities,116,Cambodia,71761,Emissions intensity,F1718,Cereals excluding rice,2023,2023,kg CO2eq/kg,0.0812,E,Estimated value
EI,Emissions intensities,116,Cambodia,71761,Emissions intensity,113,Rice,2023,2023,kg CO2eq/kg,1.3506,E,Estimated value
EI,Emissions intensities,116,Cambodia,71761,Emissions intensity,21111.01,"Meat of cattle with the bone, fresh or chilled",2023,2023,kg CO2eq/kg,88.5808,E,Estimated value
EI,Emissions intensities,116,Cambodia,71761,Emissions intensity,2211,Raw milk of cattle,2023,2023,kg CO2eq/kg,15.7691,E,Estimated value
EI,Emissions intensities,116,Cambodia,71761,Emissions intensity,21112,"Meat of buffalo, fresh or chilled",2023,2023,kg CO2eq/kg,163.3415,E,Estimated value
EI,Emissions intensities,116,Cambodia,71761,Emissions intensity,21121,"Meat of chickens, fresh or chilled",2023,2023,kg CO2eq/kg,1.7418,E,Estimated value
EI,Emissions intensities,116,Cambodia,71761,Emissions intensity,231,"Hen eggs in shell, fresh",2023,2023,kg CO2eq/kg,1.4235,E,Estimated value
EI,Emissions intensities,116,Cambodia,71761,Emissions intensity,21113.01,"Meat of pig with the bone, fresh or chilled",2023,2023,kg CO2eq/kg,5.2157,E,Estimated value
EI,Emissions intensities,120,Cameroon,71761,Emissions intensity,F1718,Cereals excluding rice,2023,2023,kg CO2eq/kg,0.1248,E,Estimated value
EI,Emissions intensities,120,Cameroon,71761,Emissions intensity,113,Rice,2023,2023,kg CO2eq/kg,1.0004,E,Estimated value
EI,Emissions intensities,120,Cameroon,71761,Emissions intensity,21111.01,"Meat of cattle with the bone, fresh or chilled",2023,2023,kg CO2eq/kg,60.5079,E,Estimated value
EI,Emissions intensities,120,Cameroon,71761,Emissions intensity,2211,Raw milk of cattle,2023,2023,kg CO2eq/kg,3.1986,E,Estimated value
EI,Emissions intensities,120,Cameroon,71761,Emissions intensity,21116,"Meat of goat, fresh or chilled",2023,2023,kg CO2eq/kg,46.4793,E,Estimated value
EI,Emissions intensities,120,Cameroon,71761,Emissions intensity,2292,Raw milk of goats,2023,2023,kg CO2eq/kg,4.6626,E,Estimated value
EI,Emissions intensities,120,Cameroon,71761,Emissions intensity,21115,"Meat of sheep, fresh or chilled",2023,2023,kg CO2eq/kg,33.7474,E,Estimated value
EI,Emissions intensities,120,Cameroon,71761,Emissions intensity,2291,Raw milk of sheep,2023,2023,kg CO2eq/kg,10.5893,E,Estimated value
EI,Emissions intensities,120,Cameroon,71761,Emissions intensity,21121,"Meat of chickens, fresh or chilled",2023,2023,kg CO2eq/kg,1.1949,E,Estimated value
EI,Emissions intensities,120,Cameroon,71761,Emissions intensity,231,"Hen eggs in shell, fresh",2023,2023,kg CO2eq/kg,0.8327,E,Estimated value
EI,Emissions intensities,120,Cameroon,71761,Emissions intensity,21113.01,"Meat of pig with the bone, fresh or chilled",2023,2023,kg CO2eq/kg,11.3615,E,Estimated value
EI,Emissions intensities,124,Canada,71761,Emissions intensity,F1718,Cereals excluding rice,2023,2023,kg CO2eq/kg,0.2538,E,Estimated value
EI,Emissions intensities,124,Canada,71761,Emissions intensity,21111.01,"Meat of cattle with the bone, fresh or chilled",2023,2023,kg CO2eq/kg,15.1861,E,Estimated value
EI,Emissions intensities,124,Canada,71761,Emissions intensity,2211,Raw milk of cattle,2023,2023,kg CO2eq/kg,0.5426,E,Estimated value
EI,Emissions intensities,124,Canada,71761,Emissions intensity,21115,"Meat of sheep, fresh or chilled",2023,2023,kg CO2eq/kg,13.231,E,Estimated value
EI,Emissions intensities,124,Canada,71761,Emissions intensity,21121,"Meat of chickens, fresh or chilled",2023,2023,kg CO2eq/kg,0.3238,E,Estimated value
EI,Emissions intensities,124,Canada,71761,Emissions intensity,231,"Hen eggs in shell, fresh",2023,2023,kg CO2eq/kg,0.4496,E,Estimated value
EI,Emissions intensities,124,Canada,71761,Emissions intensity,21113.01,"Meat of pig with the bone, fresh or chilled",2023,2023,kg CO2eq/kg,2.3944,E,Estimated value
EI,Emissions intensities,140,Central African Republic,71761,Emissions intensity,F1718,Cereals excluding rice,2023,2023,kg CO2eq/kg,0.1721,E,Estimated value
EI,Emissions intensities,140,Central African Republic,71761,Emissions intensity,113,Rice,2023,2023,kg CO2eq/kg,1.547,E,Estimated value
EI,Emissions intensities,140,Central African Republic,71761,Emissions intensity,21111.01,"Meat of cattle with the bone, fresh or chilled",2023,2023,kg CO2eq/kg,55.6162,E,Estimated value
EI,Emissions intensities,140,Central African Republic,71761,Emissions intensity,2211,Raw milk of cattle,2023,2023,kg CO2eq/kg,7.5877,E,Estimated value
EI,Emissions intensities,140,Central African Republic,71761,Emissions intensity,21116,"Meat of goat, fresh or chilled",2023,2023,kg CO2eq/kg,66.5848,E,Estimated value
EI,Emissions intensities,140,Central African Republic,71761,Emissions intensity,21115,"Meat of sheep, fresh or chilled",2023,2023,kg CO2eq/kg,37.6631,E,Estimated value
EI,Emissions intensities,140,Central African Republic,71761,Emissions intensity,21121,"Meat of chickens, fresh or chilled",2023,2023,kg CO2eq/kg,4.0756,E,Estimated value
EI,Emissions intensities,140,Central African Republic,71761,Emissions intensity,231,"Hen eggs in shell, fresh",2023,2023,kg CO2eq/kg,1.3927,E,Estimated value
EI,Emissions intensities,140,Central African Republic,71761,Emissions intensity,21113.01,"Meat of pig with the bone, fresh or chilled",2023,2023,kg CO2eq/kg,14.0089,E,Estimated value
EI,Emissions intensities,148,Chad,71761,Emissions intensity,F1718,Cereals excluding rice,2023,2023,kg CO2eq/kg,0.1257,E,Estimated value
EI,Emissions intensities,148,Chad,71761,Emissions intensity,113,Rice,2023,2023,kg CO2eq/kg,1.719,E,Estimated value
EI,Emissions intensities,148,Chad,71761,Emissions intensity,21111.01,"Meat of cattle with the bone, fresh or chilled",2023,2023,kg CO2eq/kg,84.6226,E,Estimated value
EI,Emissions intensities,148,Chad,71761,Emissions intensity,2211,Raw milk of cattle,2023,2023,kg CO2eq/kg,9.3105,E,Estimated value
EI,Emissions intensities,148,Chad,71761,Emissions intensity,21116,"Meat of goat, fresh or chilled",2023,2023,kg CO2eq/kg,71.4659,E,Estimated value
EI,Emissions intensities,148,Chad,71761,Emissions intensity,2292,Raw milk of goats,2023,2023,kg CO2eq/kg,3.7362,E,Estimated value
EI,Emissions intensities,148,Chad,71761,Emissions intensity,21115,"Meat of sheep, fresh or chilled",2023,2023,kg CO2eq/kg,43.0216,E,Estimated value
EI,Emissions intensities,148,Chad,71761,Emissions intensity,2291,Raw milk of sheep,2023,2023,kg CO2eq/kg,5.7996,E,Estimated value
EI,Emissions intensities,148,Chad,71761,Emissions intensity,2293,Raw milk of camel,2023,2023,kg CO2eq/kg,12.4009,E,Estimated value
EI,Emissions intensities,148,Chad,71761,Emissions intensity,21121,"Meat of chickens, fresh or chilled",2023,2023,kg CO2eq/kg,3.1024,E,Estimated value
EI,Emissions intensities,148,Chad,71761,Emissions intensity,231,"Hen eggs in shell, fresh",2023,2023,kg CO2eq/kg,1.674,E,Estimated value
EI,Emissions intensities,148,Chad,71761,Emissions intensity,21113.01,"Meat of pig with the bone, fresh or chilled",2023,2023,kg CO2eq/kg,11.3918,E,Estimated value
EI,Emissions intensities,152,Chile,71761,Emissions intensity,F1718,Cereals excluding rice,2023,2023,kg CO2eq/kg,0.3368,E,Estimated value
EI,Emissions intensities,152,Chile,71761,Emissions intensity,113,Rice,2023,2023,kg CO2eq/kg,1.2771,E,Estimated value
EI,Emissions intensities,152,Chile,71761,Emissions intensity,21111.01,"Meat of cattle with the bone, fresh or chilled",2023,2023,kg CO2eq/kg,25.6708,E,Estimated value
EI,Emissions intensities,152,Chile,71761,Emissions intensity,2211,Raw milk of cattle,2023,2023,kg CO2eq/kg,0.619,E,Estimated value
EI,Emissions intensities,152,Chile,71761,Emissions intensity,21116,"Meat of goat, fresh or chilled",2023,2023,kg CO2eq/kg,7.3066,E,Estimated value
EI,Emissions intensities,152,Chile,71761,Emissions intensity,2292,Raw milk of goats,2023,2023,kg CO2eq/kg,6.8095,E,Estimated value
EI,Emissions intensities,152,Chile,71761,Emissions intensity,21115,"Meat of sheep, fresh or chilled",2023,2023,kg CO2eq/kg,31.2941,E,Estimated value
EI,Emissions intensities,152,Chile,71761,Emissions intensity,21121,"Meat of chickens, fresh or chilled",2023,2023,kg CO2eq/kg,0.201,E,Estimated value
EI,Emissions intensities,152,Chile,71761,Emissions intensity,231,"Hen eggs in shell, fresh",2023,2023,kg CO2eq/kg,0.2819,E,Estimated value
EI,Emissions intensities,152,Chile,71761,Emissions intensity,21113.01,"Meat of pig with the bone, fresh or chilled",2023,2023,kg CO2eq/kg,1.0236,E,Estimated value
EI,Emissions intensities,159,China,71761,Emissions intensity,F1718,Cereals excluding rice,2023,2023,kg CO2eq/kg,0.1702,E,Estimated value
EI,Emissions intensities,159,China,71761,Emissions intensity,113,Rice,2023,2023,kg CO2eq/kg,0.903,E,Estimated value
EI,Emissions intensities,159,China,71761,Emissions intensity,21111.01,"Meat of cattle with the bone, fresh or chilled",2023,2023,kg CO2eq/kg,15.1794,E,Estimated value
EI,Emissions intensities,159,China,71761,Emissions intensity,2211,Raw milk of cattle,2023,2023,kg CO2eq/kg,0.9802,E,Estimated value
EI,Emissions intensities,159,China,71761,Emissions intensity,21116,"Meat of goat, fresh or chilled",2023,2023,kg CO2eq/kg,11.9769,E,Estimated value
EI,Emissions intensities,159,China,71761,Emissions intensity,2292,Raw milk of goats,2023,2023,kg CO2eq/kg,1.2631,E,Estimated value
EI,Emissions intensities,159,China,71761,Emissions intensity,21112,"Meat of buffalo, fresh or chilled",2023,2023,kg CO2eq/kg,68.0118,E,Estimated value
EI,Emissions intensities,159,China,71761,Emissions intensity,2212,Raw milk of buffalo,2023,2023,kg CO2eq/kg,4.114,E,Estimated value
EI,Emissions intensities,159,China,71761,Emissions intensity,21115,"Meat of sheep, fresh or chilled",2023,2023,kg CO2eq/kg,11.7313,E,Estimated value
EI,Emissions intensities,159,China,71761,Emissions intensity,2291,Raw milk of sheep,2023,2023,kg CO2eq/kg,6.9592,E,Estimated value
EI,Emissions intensities,159,China,71761,Emissions intensity,2293,Raw milk of camel,2023,2023,kg CO2eq/kg,8.1982,E,Estimated value
EI,Emissions intensities,159,China,71761,Emissions intensity,21121,"Meat of chickens, fresh or chilled",2023,2023,kg CO2eq/kg,0.4411,E,Estimated value
EI,Emissions intensities,159,China,71761,Emissions intensity,231,"Hen eggs in shell, fresh",2023,2023,kg CO2eq/kg,0.5491,E,Estimated value
EI,Emissions intensities,159,China,71761,Emissions intensity,21113.01,"Meat of pig with the bone, fresh or chilled",2023,2023,kg CO2eq/kg,0.9682,E,Estimated value
EI,Emissions intensities,344,"China, Hong Kong SAR",71761,Emissions intensity,113,Rice,2023,2023,kg CO2eq/kg,11970.9003,E,Estimated value
EI,Emissions intensities,344,"China, Hong Kong SAR",71761,Emissions intensity,21111.01,"Meat of cattle with the bone, fresh or chilled",2023,2023,kg CO2eq/kg,0.4597,E,Estimated value
EI,Emissions intensities,344,"China, Hong Kong SAR",71761,Emissions intensity,2211,Raw milk of cattle,2023,2023,kg CO2eq/kg,0.8867,E,Estimated value
EI,Emissions intensities,344,"China, Hong Kong SAR",71761,Emissions intensity,21116,"Meat of goat, fresh or chilled",2023,2023,kg CO2eq/kg,1.9555,E,Estimated value
EI,Emissions intensities,344,"China, Hong Kong SAR",71761,Emissions intensity,21115,"Meat of sheep, fresh or chilled",2023,2023,kg CO2eq/kg,11.2,E,Estimated value
EI,Emissions intensities,344,"China, Hong Kong SAR",71761,Emissions intensity,21121,"Meat of chickens, fresh or chilled",2023,2023,kg CO2eq/kg,0.6664,E,Estimated value
EI,Emissions intensities,344,"China, Hong Kong SAR",71761,Emissions intensity,231,"Hen eggs in shell, fresh",2023,2023,kg CO2eq/kg,1.4053,E,Estimated value
EI,Emissions intensities,344,"China, Hong Kong SAR",71761,Emissions intensity,21113.01,"Meat of pig with the bone, fresh or chilled",2023,2023,kg CO2eq/kg,0.2008,E,Estimated value
EI,Emissions intensities,446,"China, Macao SAR",71761,Emissions intensity,21121,"Meat of chickens, fresh or chilled",2023,2023,kg CO2eq/kg,0.8322,E,Estimated value
EI,Emissions intensities,446,"China, Macao SAR",71761,Emissions intensity,231,"Hen eggs in shell, fresh",2023,2023,kg CO2eq/kg,1.392,E,Estimated value
EI,Emissions intensities,156,"China, mainland",71761,Emissions intensity,F1718,Cereals excluding rice,2023,2023,kg CO2eq/kg,0.17,E,Estimated value
EI,Emissions intensities,156,"China, mainland",71761,Emissions intensity,113,Rice,2023,2023,kg CO2eq/kg,0.902,E,Estimated value
EI,Emissions intensities,156,"China, mainland",71761,Emissions intensity,21111.01,"Meat of cattle with the bone, fresh or chilled",2023,2023,kg CO2eq/kg,15.1879,E,Estimated value
EI,Emissions intensities,156,"China, mainland",71761,Emissions intensity,2211,Raw milk of cattle,2023,2023,kg CO2eq/kg,0.9865,E,Estimated value
EI,Emissions intensities,156,"China, mainland",71761,Emissions intensity,21116,"Meat of goat, fresh or chilled",2023,2023,kg CO2eq/kg,11.977,E,Estimated value
EI,Emissions intensities,156,"China, mainland",71761,Emissions intensity,2292,Raw milk of goats,2023,2023,kg CO2eq/kg,1.2907,E,Estimated value
EI,Emissions intensities,156,"China, mainland",71761,Emissions intensity,21112,"Meat of buffalo, fresh or chilled",2023,2023,kg CO2eq/kg,68.0473,E,Estimated value
EI,Emissions intensities,156,"China, mainland",71761,Emissions intensity,2212,Raw milk of buffalo,2023,2023,kg CO2eq/kg,4.114,E,Estimated value
EI,Emissions intensities,156,"China, mainland",71761,Emissions intensity,21115,"Meat of sheep, fresh or chilled",2023,2023,kg CO2eq/kg,11.7313,E,Estimated value
EI,Emissions intensities,156,"China, mainland",71761,Emissions intensity,2291,Raw milk of sheep,2023,2023,kg CO2eq/kg,6.9592,E,Estimated value
EI,Emissions intensities,156,"China, mainland",71761,Emissions intensity,2293,Raw milk of camel,2023,2023,kg CO2eq/kg,8.1982,E,Estimated value
EI,Emissions intensities,156,"China, mainland",71761,Emissions intensity,21121,"Meat of chickens, fresh or chilled",2023,2023,kg CO2eq/kg,0.4429,E,Estimated value
EI,Emissions intensities,156,"China, mainland",71761,Emissions intensity,231,"Hen eggs in shell, fresh",2023,2023,kg CO2eq/kg,0.5493,E,Estimated value
EI,Emissions intensities,156,"China, mainland",71761,Emissions intensity,21113.01,"Meat of pig with the bone, fresh or chilled",2023,2023,kg CO2eq/kg,0.9643,E,Estimated value
EI,Emissions intensities,158,"China, Taiwan Province of",71761,Emissions intensity,F1718,Cereals excluding rice,2023,2023,kg CO2eq/kg,0.4511,E,Estimated value
EI,Emissions intensities,158,"China, Taiwan Province of",71761,Emissions intensity,113,Rice,2023,2023,kg CO2eq/kg,1.0665,E,Estimated value
EI,Emissions intensities,158,"China, Taiwan Province of",71761,Emissions intensity,21111.01,"Meat of cattle with the bone, fresh or chilled",2023,2023,kg CO2eq/kg,20.419,E,Estimated value
EI,Emissions intensities,158,"China, Taiwan Province of",71761,Emissions intensity,2211,Raw milk of cattle,2023,2023,kg CO2eq/kg,0.4117,E,Estimated value
EI,Emissions intensities,158,"China, Taiwan Province of",71761,Emissions intensity,21116,"Meat of goat, fresh or chilled",2023,2023,kg CO2eq/kg,12.628,E,Estimated value
EI,Emissions intensities,158,"China, Taiwan Province of",71761,Emissions intensity,2292,Raw milk of goats,2023,2023,kg CO2eq/kg,0.7513,E,Estimated value
EI,Emissions intensities,158,"China, Taiwan Province of",71761,Emissions intensity,21112,"Meat of buffalo, fresh or chilled",2023,2023,kg CO2eq/kg,9.0257,E,Estimated value
EI,Emissions intensities,158,"China, Taiwan Province of",71761,Emissions intensity,21121,"Meat of chickens, fresh or chilled",2023,2023,kg CO2eq/kg,0.3903,E,Estimated value
EI,Emissions intensities,158,"China, Taiwan Province of",71761,Emissions intensity,231,"Hen eggs in shell, fresh",2023,2023,kg CO2eq/kg,0.5367,E,Estimated value
EI,Emissions intensities,158,"China, Taiwan Province of",71761,Emissions intensity,21113.01,"Meat of pig with the bone, fresh or chilled",2023,2023,kg CO2eq/kg,1.3794,E,Estimated value
EI,Emissions intensities,170,Colombia,71761,Emissions intensity,F1718,Cereals excluding rice,2023,2023,kg CO2eq/kg,0.2486,E,Estimated value
EI,Emissions intensities,170,Colombia,71761,Emissions intensity,113,Rice,2023,2023,kg CO2eq/kg,1.4876,E,Estimated value
EI,Emissions intensities,170,Colombia,71761,Emissions intensity,21111.01,"Meat of cattle with the bone, fresh or chilled",2023,2023,kg CO2eq/kg,72.6423,E,Estimated value
EI,Emissions intensities,170,Colombia,71761,Emissions intensity,2211,Raw milk of cattle,2023,2023,kg CO2eq/kg,1.2159,E,Estimated value
EI,Emissions intensities,170,Colombia,71761,Emissions intensity,21116,"Meat of goat, fresh or chilled",2023,2023,kg CO2eq/kg,781.4744,E,Estimated value
EI,Emissions intensities,170,Colombia,71761,Emissions intensity,21112,"Meat of buffalo, fresh or chilled",2023,2023,kg CO2eq/kg,97.6484,E,Estimated value
EI,Emissions intensities,170,Colombia,71761,Emissions intensity,21115,"Meat of sheep, fresh or chilled",2023,2023,kg CO2eq/kg,691.0636,E,Estimated value
EI,Emissions intensities,170,Colombia,71761,Emissions intensity,21121,"Meat of chickens, fresh or chilled",2023,2023,kg CO2eq/kg,0.3045,E,Estimated value
EI,Emissions intensities,170,Colombia,71761,Emissions intensity,231,"Hen eggs in shell, fresh",2023,2023,kg CO2eq/kg,0.326,E,Estimated value
EI,Emissions intensities,170,Colombia,71761,Emissions intensity,21113.01,"Meat of pig with the bone, fresh or chilled",2023,2023,kg CO2eq/kg,4.09,E,Estimated value
EI,Emissions intensities,174,Comoros,71761,Emissions intensity,F1718,Cereals excluding rice,2023,2023,kg CO2eq/kg,0.124,E,Estimated value
EI,Emissions intensities,174,Comoros,71761,Emissions intensity,113,Rice,2023,2023,kg CO2eq/kg,26.8972,E,Estimated value
EI,Emissions intensities,174,Comoros,71761,Emissions intensity,21111.01,"Meat of cattle with the bone, fresh or chilled",2023,2023,kg CO2eq/kg,43.5215,E,Estimated value
EI,Emissions intensities,174,Comoros,71761,Emissions intensity,2211,Raw milk of cattle,2023,2023,kg CO2eq/kg,1.4034,E,Estimated value
EI,Emissions intensities,174,Comoros,71761,Emissions intensity,21116,"Meat of goat, fresh or chilled",2023,2023,kg CO2eq/kg,75.9089,E,Estimated value
EI,Emissions intensities,174,Comoros,71761,Emissions intensity,21115,"Meat of sheep, fresh or chilled",2023,2023,kg CO2eq/kg,56.7444,E,Estimated value
EI,Emissions intensities,174,Comoros,71761,Emissions intensity,21121,"Meat of chickens, fresh or chilled",2023,2023,kg CO2eq/kg,2.3471,E,Estimated value
EI,Emissions intensities,174,Comoros,71761,Emissions intensity,231,"Hen eggs in shell, fresh",2023,2023,kg CO2eq/kg,1.0951,E,Estimated value
EI,Emissions intensities,178,Congo,71761,Emissions intensity,F1718,Cereals excluding rice,2023,2023,kg CO2eq/kg,0.2786,E,Estimated value
EI,Emissions intensities,178,Congo,71761,Emissions intensity,113,Rice,2023,2023,kg CO2eq/kg,4.2322,E,Estimated value
EI,Emissions intensities,178,Congo,71761,Emissions intensity,21111.01,"Meat of cattle with the bone, fresh or chilled",2023,2023,kg CO2eq/kg,77.5265,E,Estimated value
EI,Emissions intensities,178,Congo,71761,Emissions intensity,2211,Raw milk of cattle,2023,2023,kg CO2eq/kg,1.4247,E,Estimated value
EI,Emissions intensities,178,Congo,71761,Emissions intensity,21116,"Meat of goat, fresh or chilled",2023,2023,kg CO2eq/kg,72.7647,E,Estimated value
EI,Emissions intensities,178,Congo,71761,Emissions intensity,21115,"Meat of sheep, fresh or chilled",2023,2023,kg CO2eq/kg,59.7231,E,Estimated value
EI,Emissions intensities,178,Congo,71761,Emissions intensity,21121,"Meat of chickens, fresh or chilled",2023,2023,kg CO2eq/kg,1.4396,E,Estimated value
EI,Emissions intensities,178,Congo,71761,Emissions intensity,231,"Hen eggs in shell, fresh",2023,2023,kg CO2eq/kg,2.0362,E,Estimated value
EI,Emissions intensities,178,Congo,71761,Emissions intensity,21113.01,"Meat of pig with the bone, fresh or chilled",2023,2023,kg CO2eq/kg,21.3526,E,Estimated value
EI,Emissions intensities,184,Cook Islands,71761,Emissions intensity,21111.01,"Meat of cattle with the bone, fresh or chilled",2023,2023,kg CO2eq/kg,60.0281,E,Estimated value
EI,Emissions intensities,184,Cook Islands,71761,Emissions intensity,21116,"Meat of goat, fresh or chilled",2023,2023,kg CO2eq/kg,122.7701,E,Estimated value
EI,Emissions intensities,184,Cook Islands,71761,Emissions intensity,21121,"Meat of chickens, fresh or chilled",2023,2023,kg CO2eq/kg,2.0787,E,Estimated value
EI,Emissions intensities,184,Cook Islands,71761,Emissions intensity,231,"Hen eggs in shell, fresh",2023,2023,kg CO2eq/kg,0.8139,E,Estimated value
EI,Emissions intensities,184,Cook Islands,71761,Emissions intensity,21113.01,"Meat of pig with the bone, fresh or chilled",2023,2023,kg CO2eq/kg,29.6797,E,Estimated value
EI,Emissions intensities,188,Costa Rica,71761,Emissions intensity,F1718,Cereals excluding rice,2023,2023,kg CO2eq/kg,0.4539,E,Estimated value
EI,Emissions intensities,188,Costa Rica,71761,Emissions intensity,113,Rice,2023,2023,kg CO2eq/kg,1.0201,E,Estimated value
EI,Emissions intensities,188,Costa Rica,71761,Emissions intensity,21111.01,"Meat of cattle with the bone, fresh or chilled",2023,2023,kg CO2eq/kg,32.0761,E,Estimated value
EI,Emissions intensities,188,Costa Rica,71761,Emissions intensity,2211,Raw milk of cattle,2023,2023,kg CO2eq/kg,1.7825,E,Estimated value
EI,Emissions intensities,188,Costa Rica,71761,Emissions intensity,21116,"Meat of goat, fresh or chilled",2023,2023,kg CO2eq/kg,10.429,E,Estimated value
EI,Emissions intensities,188,Costa Rica,71761,Emissions intensity,2292,Raw milk of goats,2023,2023,kg CO2eq/kg,0.928,E,Estimated value
EI,Emissions intensities,188,Costa Rica,71761,Emissions intensity,21115,"Meat of sheep, fresh or chilled",2023,2023,kg CO2eq/kg,40.2571,E,Estimated value
EI,Emissions intensities,188,Costa Rica,71761,Emissions intensity,21121,"Meat of chickens, fresh or chilled",2023,2023,kg CO2eq/kg,0.5939,E,Estimated value
EI,Emissions intensities,188,Costa Rica,71761,Emissions intensity,231,"Hen eggs in shell, fresh",2023,2023,kg CO2eq/kg,0.2221,E,Estimated value
EI,Emissions intensities,188,Costa Rica,71761,Emissions intensity,21113.01,"Meat of pig with the bone, fresh or chilled",2023,2023,kg CO2eq/kg,1.6595,E,Estimated value
EI,Emissions intensities,384,Côte d'Ivoire,71761,Emissions intensity,F1718,Cereals excluding rice,2023,2023,kg CO2eq/kg,0.2333,E,Estimated value
EI,Emissions intensities,384,Côte d'Ivoire,71761,Emissions intensity,113,Rice,2023,2023,kg CO2eq/kg,0.4221,E,Estimated value
EI,Emissions intensities,384,Côte d'Ivoire,71761,Emissions intensity,21111.01,"Meat of cattle with the bone, fresh or chilled",2023,2023,kg CO2eq/kg,81.4487,E,Estimated value
EI,Emissions intensities,384,Côte d'Ivoire,71761,Emissions intensity,2211,Raw milk of cattle,2023,2023,kg CO2eq/kg,18.5811,E,Estimated value
EI,Emissions intensities,384,Côte d'Ivoire,71761,Emissions intensity,21116,"Meat of goat, fresh or chilled",2023,2023,kg CO2eq/kg,87.7134,E,Estimated value
EI,Emissions intensities,384,Côte d'Ivoire,71761,Emissions intensity,21115,"Meat of sheep, fresh or chilled",2023,2023,kg CO2eq/kg,50.7693,E,Estimated value
EI,Emissions intensities,384,Côte d'Ivoire,71761,Emissions intensity,21121,"Meat of chickens, fresh or chilled",2023,2023,kg CO2eq/kg,4.5616,E,Estimated value
EI,Emissions intensities,384,Côte d'Ivoire,71761,Emissions intensity,231,"Hen eggs in shell, fresh",2023,2023,kg CO2eq/kg,0.4594,E,Estimated value
EI,Emissions intensities,384,Côte d'Ivoire,71761,Emissions intensity,21113.01,"Meat of pig with the bone, fresh or chilled",2023,2023,kg CO2eq/kg,11.0263,E,Estimated value
EI,Emissions intensities,191,Croatia,71761,Emissions intensity,F1718,Cereals excluding rice,2023,2023,kg CO2eq/kg,0.1569,E,Estimated value
EI,Emissions intensities,191,Croatia,71761,Emissions intensity,21111.01,"Meat of cattle with the bone, fresh or chilled",2023,2023,kg CO2eq/kg,18.4672,E,Estimated value
EI,Emissions intensities,191,Croatia,71761,Emissions intensity,2211,Raw milk of cattle,2023,2023,kg CO2eq/kg,0.7155,E,Estimated value
EI,Emissions intensities,191,Croatia,71761,Emissions intensity,21116,"Meat of goat, fresh or chilled",2023,2023,kg CO2eq/kg,8.0583,E,Estimated value
EI,Emissions intensities,191,Croatia,71761,Emissions intensity,2292,Raw milk of goats,2023,2023,kg CO2eq/kg,2.3923,E,Estimated value
EI,Emissions intensities,191,Croatia,71761,Emissions intensity,21115,"Meat of sheep, fresh or chilled",2023,2023,kg CO2eq/kg,23.6883,E,Estimated value
EI,Emissions intensities,191,Croatia,71761,Emissions intensity,2291,Raw milk of sheep,2023,2023,kg CO2eq/kg,4.5945,E,Estimated value
EI,Emissions intensities,191,Croatia,71761,Emissions intensity,21121,"Meat of chickens, fresh or chilled",2023,2023,kg CO2eq/kg,0.4384,E,Estimated value
EI,Emissions intensities,191,Croatia,71761,Emissions intensity,21113.01,"Meat of pig with the bone, fresh or chilled",2023,2023,kg CO2eq/kg,2.2455,E,Estimated value
EI,Emissions intensities,192,Cuba,71761,Emissions intensity,F1718,Cereals excluding rice,2023,2023,kg CO2eq/kg,0.1106,E,Estimated value
EI,Emissions intensities,192,Cuba,71761,Emissions intensity,113,Rice,2023,2023,kg CO2eq/kg,2.8259,E,Estimated value
EI,Emissions intensities,192,Cuba,71761,Emissions intensity,21111.01,"Meat of cattle with the bone, fresh or chilled",2023,2023,kg CO2eq/kg,78.9153,E,Estimated value
EI,Emissions intensities,192,Cuba,71761,Emissions intensity,2211,Raw milk of cattle,2023,2023,kg CO2eq/kg,1.9912,E,Estimated value
EI,Emissions intensities,192,Cuba,71761,Emissions intensity,21116,"Meat of goat, fresh or chilled",2023,2023,kg CO2eq/kg,20.2025,E,Estimated value
EI,Emissions intensities,192,Cuba,71761,Emissions intensity,2292,Raw milk of goats,2023,2023,kg CO2eq/kg,1.2325,E,Estimated value
EI,Emissions intensities,192,Cuba,71761,Emissions intensity,21115,"Meat of sheep, fresh or chilled",2023,2023,kg CO2eq/kg,25.3101,E,Estimated value
EI,Emissions intensities,192,Cuba,71761,Emissions intensity,21121,"Meat of chickens, fresh or chilled",2023,2023,kg CO2eq/kg,3.2155,E,Estimated value
EI,Emissions intensities,192,Cuba,71761,Emissions intensity,231,"Hen eggs in shell, fresh",2023,2023,kg CO2eq/kg,0.5277,E,Estimated value
EI,Emissions intensities,192,Cuba,71761,Emissions intensity,21113.01,"Meat of pig with the bone, fresh or chilled",2023,2023,kg CO2eq/kg,1.7439,E,Estimated value
EI,Emissions intensities,196,Cyprus,71761,Emissions intensity,F1718,Cereals excluding rice,2023,2023,kg CO2eq/kg,0.644,E,Estimated value
EI,Emissions intensities,196,Cyprus,71761,Emissions intensity,21111.01,"Meat of cattle with the bone, fresh or chilled",2023,2023,kg CO2eq/kg,11.6919,E,Estimated value
EI,Emissions intensities,196,Cyprus,71761,Emissions intensity,2211,Raw milk of cattle,2023,2023,kg CO2eq/kg,0.2537,E,Estimated value
EI,Emissions intensities,196,Cyprus,71761,Emissions intensity,21113.01,"Meat of pig with the bone, fresh or chilled",2023,2023,kg CO2eq/kg,2.4151,E,Estimated value
EI,Emissions intensities,203,Czechia,71761,Emissions intensity,F1718,Cereals excluding rice,2023,2023,kg CO2eq/kg,0.1735,E,Estimated value
EI,Emissions intensities,203,Czechia,71761,Emissions intensity,21111.01,"Meat of cattle with the bone, fresh or chilled",2023,2023,kg CO2eq/kg,30.7399,E,Estimated value
EI,Emissions intensities,203,Czechia,71761,Emissions intensity,2211,Raw milk of cattle,2023,2023,kg CO2eq/kg,0.3739,E,Estimated value
EI,Emissions intensities,203,Czechia,71761,Emissions intensity,21116,"Meat of goat, fresh or chilled",2023,2023,kg CO2eq/kg,34.6833,E,Estimated value
EI,Emissions intensities,203,Czechia,71761,Emissions intensity,21115,"Meat of sheep, fresh or chilled",2023,2023,kg CO2eq/kg,21.1563,E,Estimated value
EI,Emissions intensities,203,Czechia,71761,Emissions intensity,21121,"Meat of chickens, fresh or chilled",2023,2023,kg CO2eq/kg,0.3759,E,Estimated value
EI,Emissions intensities,203,Czechia,71761,Emissions intensity,21113.01,"Meat of pig with the bone, fresh or chilled",2023,2023,kg CO2eq/kg,1.3996,E,Estimated value
EI,Emissions intensities,408,Democratic People's Republic of Korea,71761,Emissions intensity,F1718,Cereals excluding rice,2023,2023,kg CO2eq/kg,0.0843,E,Estimated value
EI,Emissions intensities,408,Democratic People's Republic of Korea,71761,Emissions intensity,113,Rice,2023,2023,kg CO2eq/kg,1.1724,E,Estimated value
EI,Emissions intensities,408,Democratic People's Republic of Korea,71761,Emissions intensity,21111.01,"Meat of cattle with the bone, fresh or chilled",2023,2023,kg CO2eq/kg,46.6484,E,Estimated value
EI,Emissions intensities,408,Democratic People's Republic of Korea,71761,Emissions intensity,2211,Raw milk of cattle,2023,2023,kg CO2eq/kg,1.1011,E,Estimated value
EI,Emissions intensities,408,Democratic People's Republic of Korea,71761,Emissions intensity,21116,"Meat of goat, fresh or chilled",2023,2023,kg CO2eq/kg,65.0125,E,Estimated value
EI,Emissions intensities,408,Democratic People's Republic of Korea,71761,Emissions intensity,21115,"Meat of sheep, fresh or chilled",2023,2023,kg CO2eq/kg,35.5767,E,Estimated value
EI,Emissions intensities,408,Democratic People's Republic of Korea,71761,Emissions intensity,21121,"Meat of chickens, fresh or chilled",2023,2023,kg CO2eq/kg,0,E,Estimated value
EI,Emissions intensities,408,Democratic People's Republic of Korea,71761,Emissions intensity,231,"Hen eggs in shell, fresh",2023,2023,kg CO2eq/kg,0.264,E,Estimated value
EI,Emissions intensities,408,Democratic People's Republic of Korea,71761,Emissions intensity,21113.01,"Meat of pig with the bone, fresh or chilled",2023,2023,kg CO2eq/kg,2.7512,E,Estimated value
EI,Emissions intensities,180,Democratic Republic of the Congo,71761,Emissions intensity,F1718,Cereals excluding rice,2023,2023,kg CO2eq/kg,0.2278,E,Estimated value
EI,Emissions intensities,180,Democratic Republic of the Congo,71761,Emissions intensity,113,Rice,2023,2023,kg CO2eq/kg,0.9037,E,Estimated value
EI,Emissions intensities,180,Democratic Republic of the Congo,71761,Emissions intensity,21111.01,"Meat of cattle with the bone, fresh or chilled",2023,2023,kg CO2eq/kg,91.8141,E,Estimated value
EI,Emissions intensities,180,Democratic Republic of the Congo,71761,Emissions intensity,2211,Raw milk of cattle,2023,2023,kg CO2eq/kg,2.1161,E,Estimated value
EI,Emissions intensities,180,Democratic Republic of the Congo,71761,Emissions intensity,21116,"Meat of goat, fresh or chilled",2023,2023,kg CO2eq/kg,53.23,E,Estimated value
EI,Emissions intensities,180,Democratic Republic of the Congo,71761,Emissions intensity,21115,"Meat of sheep, fresh or chilled",2023,2023,kg CO2eq/kg,69.9046,E,Estimated value
EI,Emissions intensities,180,Democratic Republic of the Congo,71761,Emissions intensity,21121,"Meat of chickens, fresh or chilled",2023,2023,kg CO2eq/kg,6.675,E,Estimated value
EI,Emissions intensities,180,Democratic Republic of the Congo,71761,Emissions intensity,231,"Hen eggs in shell, fresh",2023,2023,kg CO2eq/kg,1.9133,E,Estimated value
EI,Emissions intensities,180,Democratic Republic of the Congo,71761,Emissions intensity,21113.01,"Meat of pig with the bone, fresh or chilled",2023,2023,kg CO2eq/kg,9.3833,E,Estimated value
EI,Emissions intensities,208,Denmark,71761,Emissions intensity,F1718,Cereals excluding rice,2023,2023,kg CO2eq/kg,0.1707,E,Estimated value
EI,Emissions intensities,208,Denmark,71761,Emissions intensity,21111.01,"Meat of cattle with the bone, fresh or chilled",2023,2023,kg CO2eq/kg,16.3852,E,Estimated value
EI,Emissions intensities,208,Denmark,71761,Emissions intensity,2211,Raw milk of cattle,2023,2023,kg CO2eq/kg,0.4493,E,Estimated value
EI,Emissions intensities,208,Denmark,71761,Emissions intensity,21115,"Meat of sheep, fresh or chilled",2023,2023,kg CO2eq/kg,40.7866,E,Estimated value
EI,Emissions intensities,208,Denmark,71761,Emissions intensity,21121,"Meat of chickens, fresh or chilled",2023,2023,kg CO2eq/kg,0.2895,E,Estimated value
EI,Emissions intensities,208,Denmark,71761,Emissions intensity,231,"Hen eggs in shell, fresh",2023,2023,kg CO2eq/kg,0.8405,E,Estimated value
EI,Emissions intensities,208,Denmark,71761,Emissions intensity,21113.01,"Meat of pig with the bone, fresh or chilled",2023,2023,kg CO2eq/kg,2.5558,E,Estimated value
EI,Emissions intensities,262,Djibouti,71761,Emissions intensity,F1718,Cereals excluding rice,2023,2023,kg CO2eq/kg,11.4063,E,Estimated value
EI,Emissions intensities,262,Djibouti,71761,Emissions intensity,21111.01,"Meat of cattle with the bone, fresh or chilled",2023,2023,kg CO2eq/kg,56.287,E,Estimated value
EI,Emissions intensities,262,Djibouti,71761,Emissions intensity,2211,Raw milk of cattle,2023,2023,kg CO2eq/kg,5.3954,E,Estimated value
EI,Emissions intensities,262,Djibouti,71761,Emissions intensity,21116,"Meat of goat, fresh or chilled",2023,2023,kg CO2eq/kg,53.7271,E,Estimated value
EI,Emissions intensities,262,Djibouti,71761,Emissions intensity,21115,"Meat of sheep, fresh or chilled",2023,2023,kg CO2eq/kg,45.616,E,Estimated value
EI,Emissions intensities,262,Djibouti,71761,Emissions intensity,2293,Raw milk of camel,2023,2023,kg CO2eq/kg,7.9672,E,Estimated value
EI,Emissions intensities,212,Dominica,71761,Emissions intensity,F1718,Cereals excluding rice,2023,2023,kg CO2eq/kg,0.0435,E,Estimated value
EI,Emissions intensities,212,Dominica,71761,Emissions intensity,21111.01,"Meat of cattle with the bone, fresh or chilled",2023,2023,kg CO2eq/kg,23.5379,E,Estimated value
EI,Emissions intensities,212,Dominica,71761,Emissions intensity,2211,Raw milk of cattle,2023,2023,kg CO2eq/kg,2.6907,E,Estimated value
EI,Emissions intensities,212,Dominica,71761,Emissions intensity,21116,"Meat of goat, fresh or chilled",2023,2023,kg CO2eq/kg,55.4664,E,Estimated value
EI,Emissions intensities,212,Dominica,71761,Emissions intensity,21115,"Meat of sheep, fresh or chilled",2023,2023,kg CO2eq/kg,68.0604,E,Estimated value
EI,Emissions intensities,212,Dominica,71761,Emissions intensity,21121,"Meat of chickens, fresh or chilled",2023,2023,kg CO2eq/kg,1.3384,E,Estimated value
EI,Emissions intensities,212,Dominica,71761,Emissions intensity,231,"Hen eggs in shell, fresh",2023,2023,kg CO2eq/kg,0.4849,E,Estimated value
EI,Emissions intensities,212,Dominica,71761,Emissions intensity,21113.01,"Meat of pig with the bone, fresh or chilled",2023,2023,kg CO2eq/kg,2.5528,E,Estimated value
EI,Emissions intensities,214,Dominican Republic,71761,Emissions intensity,F1718,Cereals excluding rice,2023,2023,kg CO2eq/kg,0.2179,E,Estimated value
EI,Emissions intensities,214,Dominican Republic,71761,Emissions intensity,113,Rice,2023,2023,kg CO2eq/kg,1.6872,E,Estimated value
EI,Emissions intensities,214,Dominican Republic,71761,Emissions intensity,21111.01,"Meat of cattle with the bone, fresh or chilled",2023,2023,kg CO2eq/kg,79.6781,E,Estimated value
EI,Emissions intensities,214,Dominican Republic,71761,Emissions intensity,2211,Raw milk of cattle,2023,2023,kg CO2eq/kg,1.6571,E,Estimated value
EI,Emissions intensities,214,Dominican Republic,71761,Emissions intensity,21116,"Meat of goat, fresh or chilled",2023,2023,kg CO2eq/kg,60.8232,E,Estimated value
EI,Emissions intensities,214,Dominican Republic,71761,Emissions intensity,21115,"Meat of sheep, fresh or chilled",2023,2023,kg CO2eq/kg,60.9283,E,Estimated value
EI,Emissions intensities,214,Dominican Republic,71761,Emissions intensity,21121,"Meat of chickens, fresh or chilled",2023,2023,kg CO2eq/kg,2.1537,E,Estimated value
EI,Emissions intensities,214,Dominican Republic,71761,Emissions intensity,231,"Hen eggs in shell, fresh",2023,2023,kg CO2eq/kg,0.3423,E,Estimated value
EI,Emissions intensities,214,Dominican Republic,71761,Emissions intensity,21113.01,"Meat of pig with the bone, fresh or chilled",2023,2023,kg CO2eq/kg,2.1179,E,Estimated value
EI,Emissions intensities,218,Ecuador,71761,Emissions intensity,F1718,Cereals excluding rice,2023,2023,kg CO2eq/kg,0.1521,E,Estimated value
EI,Emissions intensities,218,Ecuador,71761,Emissions intensity,113,Rice,2023,2023,kg CO2eq/kg,1.703,E,Estimated value
EI,Emissions intensities,218,Ecuador,71761,Emissions intensity,21111.01,"Meat of cattle with the bone, fresh or chilled",2023,2023,kg CO2eq/kg,27.5669,E,Estimated value
EI,Emissions intensities,218,Ecuador,71761,Emissions intensity,2211,Raw milk of cattle,2023,2023,kg CO2eq/kg,0.9752,E,Estimated value
EI,Emissions intensities,218,Ecuador,71761,Emissions intensity,21116,"Meat of goat, fresh or chilled",2023,2023,kg CO2eq/kg,7.4129,E,Estimated value
EI,Emissions intensities,218,Ecuador,71761,Emissions intensity,2292,Raw milk of goats,2023,2023,kg CO2eq/kg,5.052,E,Estimated value
EI,Emissions intensities,218,Ecuador,71761,Emissions intensity,21115,"Meat of sheep, fresh or chilled",2023,2023,kg CO2eq/kg,13.4925,E,Estimated value
EI,Emissions intensities,218,Ecuador,71761,Emissions intensity,2291,Raw milk of sheep,2023,2023,kg CO2eq/kg,5.8237,E,Estimated value
EI,Emissions intensities,218,Ecuador,71761,Emissions intensity,21121,"Meat of chickens, fresh or chilled",2023,2023,kg CO2eq/kg,1.0466,E,Estimated value
EI,Emissions intensities,218,Ecuador,71761,Emissions intensity,231,"Hen eggs in shell, fresh",2023,2023,kg CO2eq/kg,0.5542,E,Estimated value
EI,Emissions intensities,218,Ecuador,71761,Emissions intensity,21113.01,"Meat of pig with the bone, fresh or chilled",2023,2023,kg CO2eq/kg,0.9745,E,Estimated value
EI,Emissions intensities,818,Egypt,71761,Emissions intensity,F1718,Cereals excluding rice,2023,2023,kg CO2eq/kg,0.2718,E,Estimated value
EI,Emissions intensities,818,Egypt,71761,Emissions intensity,113,Rice,2023,2023,kg CO2eq/kg,1.0954,E,Estimated value
EI,Emissions intensities,818,Egypt,71761,Emissions intensity,21111.01,"Meat of cattle with the bone, fresh or chilled",2023,2023,kg CO2eq/kg,4.3407,E,Estimated value
EI,Emissions intensities,818,Egypt,71761,Emissions intensity,2211,Raw milk of cattle,2023,2023,kg CO2eq/kg,0.6359,E,Estimated value
EI,Emissions intensities,818,Egypt,71761,Emissions intensity,21116,"Meat of goat, fresh or chilled",2023,2023,kg CO2eq/kg,9.3235,E,Estimated value
EI,Emissions intensities,818,Egypt,71761,Emissions intensity,2292,Raw milk of goats,2023,2023,kg CO2eq/kg,11.3763,E,Estimated value
EI,Emissions intensities,818,Egypt,71761,Emissions intensity,21112,"Meat of buffalo, fresh or chilled",2023,2023,kg CO2eq/kg,6.6895,E,Estimated value
EI,Emissions intensities,818,Egypt,71761,Emissions intensity,2212,Raw milk of buffalo,2023,2023,kg CO2eq/kg,1.106,E,Estimated value
EI,Emissions intensities,818,Egypt,71761,Emissions intensity,21115,"Meat of sheep, fresh or chilled",2023,2023,kg CO2eq/kg,5.4192,E,Estimated value
EI,Emissions intensities,818,Egypt,71761,Emissions intensity,2291,Raw milk of sheep,2023,2023,kg CO2eq/kg,7.6637,E,Estimated value
EI,Emissions intensities,818,Egypt,71761,Emissions intensity,21121,"Meat of chickens, fresh or chilled",2023,2023,kg CO2eq/kg,0.4469,E,Estimated value
EI,Emissions intensities,818,Egypt,71761,Emissions intensity,231,"Hen eggs in shell, fresh",2023,2023,kg CO2eq/kg,0.4622,E,Estimated value
EI,Emissions intensities,818,Egypt,71761,Emissions intensity,21113.01,"Meat of pig with the bone, fresh or chilled",2023,2023,kg CO2eq/kg,7.6907,E,Estimated value
EI,Emissions intensities,222,El Salvador,71761,Emissions intensity,F1718,Cereals excluding rice,2023,2023,kg CO2eq/kg,0.1921,E,Estimated value
EI,Emissions intensities,222,El Salvador,71761,Emissions intensity,113,Rice,2023,2023,kg CO2eq/kg,0.5544,E,Estimated value
EI,Emissions intensities,222,El Salvador,71761,Emissions intensity,21111.01,"Meat of cattle with the bone, fresh or chilled",2023,2023,kg CO2eq/kg,43.3614,E,Estimated value
EI,Emissions intensities,222,El Salvador,71761,Emissions intensity,2211,Raw milk of cattle,2023,2023,kg CO2eq/kg,2.1568,E,Estimated value
EI,Emissions intensities,222,El Salvador,71761,Emissions intensity,21116,"Meat of goat, fresh or chilled",2023,2023,kg CO2eq/kg,43.0901,E,Estimated value
EI,Emissions intensities,222,El Salvador,71761,Emissions intensity,21115,"Meat of sheep, fresh or chilled",2023,2023,kg CO2eq/kg,31.6186,E,Estimated value
EI,Emissions intensities,222,El Salvador,71761,Emissions intensity,21121,"Meat of chickens, fresh or chilled",2023,2023,kg CO2eq/kg,0.2743,E,Estimated value
EI,Emissions intensities,222,El Salvador,71761,Emissions intensity,231,"Hen eggs in shell, fresh",2023,2023,kg CO2eq/kg,0.5933,E,Estimated value
EI,Emissions intensities,222,El Salvador,71761,Emissions intensity,21113.01,"Meat of pig with the bone, fresh or chilled",2023,2023,kg CO2eq/kg,14.0493,E,Estimated value
EI,Emissions intensities,226,Equatorial Guinea,71761,Emissions intensity,21111.01,"Meat of cattle with the bone, fresh or chilled",2023,2023,kg CO2eq/kg,132.5518,E,Estimated value
EI,Emissions intensities,226,Equatorial Guinea,71761,Emissions intensity,21116,"Meat of goat, fresh or chilled",2023,2023,kg CO2eq/kg,46.9539,E,Estimated value
EI,Emissions intensities,226,Equatorial Guinea,71761,Emissions intensity,21115,"Meat of sheep, fresh or chilled",2023,2023,kg CO2eq/kg,83.9851,E,Estimated value
EI,Emissions intensities,226,Equatorial Guinea,71761,Emissions intensity,21121,"Meat of chickens, fresh or chilled",2023,2023,kg CO2eq/kg,5.0393,E,Estimated value
EI,Emissions intensities,226,Equatorial Guinea,71761,Emissions intensity,231,"Hen eggs in shell, fresh",2023,2023,kg CO2eq/kg,1.1891,E,Estimated value
EI,Emissions intensities,226,Equatorial Guinea,71761,Emissions intensity,21113.01,"Meat of pig with the bone, fresh or chilled",2023,2023,kg CO2eq/kg,10.4867,E,Estimated value
EI,Emissions intensities,232,Eritrea,71761,Emissions intensity,F1718,Cereals excluding rice,2023,2023,kg CO2eq/kg,0.1327,E,Estimated value
EI,Emissions intensities,232,Eritrea,71761,Emissions intensity,21111.01,"Meat of cattle with the bone, fresh or chilled",2023,2023,kg CO2eq/kg,74.7259,E,Estimated value
EI,Emissions intensities,232,Eritrea,71761,Emissions intensity,2211,Raw milk of cattle,2023,2023,kg CO2eq/kg,11.2666,E,Estimated value
EI,Emissions intensities,232,Eritrea,71761,Emissions intensity,21116,"Meat of goat, fresh or chilled",2023,2023,kg CO2eq/kg,64.1366,E,Estimated value
EI,Emissions intensities,232,Eritrea,71761,Emissions intensity,2292,Raw milk of goats,2023,2023,kg CO2eq/kg,4.6667,E,Estimated value
EI,Emissions intensities,232,Eritrea,71761,Emissions intensity,21115,"Meat of sheep, fresh or chilled",2023,2023,kg CO2eq/kg,72.65,E,Estimated value
EI,Emissions intensities,232,Eritrea,71761,Emissions intensity,2291,Raw milk of sheep,2023,2023,kg CO2eq/kg,8.7917,E,Estimated value
EI,Emissions intensities,232,Eritrea,71761,Emissions intensity,2293,Raw milk of camel,2023,2023,kg CO2eq/kg,9.8718,E,Estimated value
EI,Emissions intensities,232,Eritrea,71761,Emissions intensity,21121,"Meat of chickens, fresh or chilled",2023,2023,kg CO2eq/kg,2.2384,E,Estimated value
EI,Emissions intensities,232,Eritrea,71761,Emissions intensity,231,"Hen eggs in shell, fresh",2023,2023,kg CO2eq/kg,1.5125,E,Estimated value
EI,Emissions intensities,233,Estonia,71761,Emissions intensity,F1718,Cereals excluding rice,2023,2023,kg CO2eq/kg,0.1645,E,Estimated value
EI,Emissions intensities,233,Estonia,71761,Emissions intensity,21111.01,"Meat of cattle with the bone, fresh or chilled",2023,2023,kg CO2eq/kg,43.5072,E,Estimated value
EI,Emissions intensities,233,Estonia,71761,Emissions intensity,2211,Raw milk of cattle,2023,2023,kg CO2eq/kg,0.4356,E,Estimated value
EI,Emissions intensities,233,Estonia,71761,Emissions intensity,21116,"Meat of goat, fresh or chilled",2023,2023,kg CO2eq/kg,92.95,E,Estimated value
EI,Emissions intensities,233,Estonia,71761,Emissions intensity,21115,"Meat of sheep, fresh or chilled",2023,2023,kg CO2eq/kg,66.1367,E,Estimated value
EI,Emissions intensities,233,Estonia,71761,Emissions intensity,21121,"Meat of chickens, fresh or chilled",2023,2023,kg CO2eq/kg,0.2234,E,Estimated value
EI,Emissions intensities,233,Estonia,71761,Emissions intensity,231,"Hen eggs in shell, fresh",2023,2023,kg CO2eq/kg,0.6046,E,Estimated value
EI,Emissions intensities,233,Estonia,71761,Emissions intensity,21113.01,"Meat of pig with the bone, fresh or chilled",2023,2023,kg CO2eq/kg,2.0182,E,Estimated value
EI,Emissions intensities,748,Eswatini,71761,Emissions intensity,F1718,Cereals excluding rice,2023,2023,kg CO2eq/kg,0.4459,E,Estimated value
EI,Emissions intensities,748,Eswatini,71761,Emissions intensity,113,Rice,2023,2023,kg CO2eq/kg,3.2839,E,Estimated value
EI,Emissions intensities,748,Eswatini,71761,Emissions intensity,21111.01,"Meat of cattle with the bone, fresh or chilled",2023,2023,kg CO2eq/kg,35.986,E,Estimated value
EI,Emissions intensities,748,Eswatini,71761,Emissions intensity,2211,Raw milk of cattle,2023,2023,kg CO2eq/kg,6.2288,E,Estimated value
EI,Emissions intensities,748,Eswatini,71761,Emissions intensity,21116,"Meat of goat, fresh or chilled",2023,2023,kg CO2eq/kg,39.0582,E,Estimated value
EI,Emissions intensities,748,Eswatini,71761,Emissions intensity,21115,"Meat of sheep, fresh or chilled",2023,2023,kg CO2eq/kg,23.6245,E,Estimated value
EI,Emissions intensities,748,Eswatini,71761,Emissions intensity,21121,"Meat of chickens, fresh or chilled",2023,2023,kg CO2eq/kg,2.4939,E,Estimated value
EI,Emissions intensities,748,Eswatini,71761,Emissions intensity,231,"Hen eggs in shell, fresh",2023,2023,kg CO2eq/kg,0.897,E,Estimated value
EI,Emissions intensities,748,Eswatini,71761,Emissions intensity,21113.01,"Meat of pig with the bone, fresh or chilled",2023,2023,kg CO2eq/kg,6.7097,E,Estimated value
EI,Emissions intensities,231,Ethiopia,71761,Emissions intensity,F1718,Cereals excluding rice,2023,2023,kg CO2eq/kg,0.1306,E,Estimated value
EI,Emissions intensities,231,Ethiopia,71761,Emissions intensity,113,Rice,2023,2023,kg CO2eq/kg,1.6015,E,Estimated value
EI,Emissions intensities,231,Ethiopia,71761,Emissions intensity,21111.01,"Meat of cattle with the bone, fresh or chilled",2023,2023,kg CO2eq/kg,184.0251,E,Estimated value
EI,Emissions intensities,231,Ethiopia,71761,Emissions intensity,2211,Raw milk of cattle,2023,2023,kg CO2eq/kg,4.1567,E,Estimated value
EI,Emissions intensities,231,Ethiopia,71761,Emissions intensity,21116,"Meat of goat, fresh or chilled",2023,2023,kg CO2eq/kg,81.7601,E,Estimated value
EI,Emissions intensities,231,Ethiopia,71761,Emissions intensity,2292,Raw milk of goats,2023,2023,kg CO2eq/kg,6.7692,E,Estimated value
EI,Emissions intensities,231,Ethiopia,71761,Emissions intensity,21115,"Meat of sheep, fresh or chilled",2023,2023,kg CO2eq/kg,64.9084,E,Estimated value
EI,Emissions intensities,231,Ethiopia,71761,Emissions intensity,2291,Raw milk of sheep,2023,2023,kg CO2eq/kg,11.5049,E,Estimated value
EI,Emissions intensities,231,Ethiopia,71761,Emissions intensity,2293,Raw milk of camel,2023,2023,kg CO2eq/kg,1.9948,E,Estimated value
EI,Emissions intensities,231,Ethiopia,71761,Emissions intensity,21121,"Meat of chickens, fresh or chilled",2023,2023,kg CO2eq/kg,2.8075,E,Estimated value
EI,Emissions intensities,231,Ethiopia,71761,Emissions intensity,231,"Hen eggs in shell, fresh",2023,2023,kg CO2eq/kg,1.2486,E,Estimated value
EI,Emissions intensities,231,Ethiopia,71761,Emissions intensity,21113.01,"Meat of pig with the bone, fresh or chilled",2023,2023,kg CO2eq/kg,3.9709,E,Estimated value
EI,Emissions intensities,234,Faroe Islands,71761,Emissions intensity,21111.01,"Meat of cattle with the bone, fresh or chilled",2023,2023,kg CO2eq/kg,23.9823,E,Estimated value
EI,Emissions intensities,234,Faroe Islands,71761,Emissions intensity,2211,Raw milk of cattle,2023,2023,kg CO2eq/kg,0.6771,E,Estimated value
EI,Emissions intensities,234,Faroe Islands,71761,Emissions intensity,21115,"Meat of sheep, fresh or chilled",2023,2023,kg CO2eq/kg,41.0523,E,Estimated value
EI,Emissions intensities,242,Fiji,71761,Emissions intensity,F1718,Cereals excluding rice,2023,2023,kg CO2eq/kg,7.218,E,Estimated value
EI,Emissions intensities,242,Fiji,71761,Emissions intensity,113,Rice,2023,2023,kg CO2eq/kg,1.4504,E,Estimated value
EI,Emissions intensities,242,Fiji,71761,Emissions intensity,21111.01,"Meat of cattle with the bone, fresh or chilled",2023,2023,kg CO2eq/kg,39.1774,E,Estimated value
EI,Emissions intensities,242,Fiji,71761,Emissions intensity,2211,Raw milk of cattle,2023,2023,kg CO2eq/kg,14.5878,E,Estimated value
EI,Emissions intensities,242,Fiji,71761,Emissions intensity,21116,"Meat of goat, fresh or chilled",2023,2023,kg CO2eq/kg,419.4827,E,Estimated value
EI,Emissions intensities,242,Fiji,71761,Emissions intensity,21115,"Meat of sheep, fresh or chilled",2023,2023,kg CO2eq/kg,13.9445,E,Estimated value
EI,Emissions intensities,242,Fiji,71761,Emissions intensity,21121,"Meat of chickens, fresh or chilled",2023,2023,kg CO2eq/kg,0.2825,E,Estimated value
EI,Emissions intensities,242,Fiji,71761,Emissions intensity,231,"Hen eggs in shell, fresh",2023,2023,kg CO2eq/kg,0.618,E,Estimated value
EI,Emissions intensities,242,Fiji,71761,Emissions intensity,21113.01,"Meat of pig with the bone, fresh or chilled",2023,2023,kg CO2eq/kg,30.3086,E,Estimated value
EI,Emissions intensities,246,Finland,71761,Emissions intensity,F1718,Cereals excluding rice,2023,2023,kg CO2eq/kg,0.195,E,Estimated value
EI,Emissions intensities,246,Finland,71761,Emissions intensity,21111.01,"Meat of cattle with the bone, fresh or chilled",2023,2023,kg CO2eq/kg,14.4165,E,Estimated value
EI,Emissions intensities,246,Finland,71761,Emissions intensity,2211,Raw milk of cattle,2023,2023,kg CO2eq/kg,0.4931,E,Estimated value
EI,Emissions intensities,246,Finland,71761,Emissions intensity,21115,"Meat of sheep, fresh or chilled",2023,2023,kg CO2eq/kg,35.5865,E,Estimated value
EI,Emissions intensities,246,Finland,71761,Emissions intensity,21121,"Meat of chickens, fresh or chilled",2023,2023,kg CO2eq/kg,0.378,E,Estimated value
EI,Emissions intensities,246,Finland,71761,Emissions intensity,231,"Hen eggs in shell, fresh",2023,2023,kg CO2eq/kg,0.5499,E,Estimated value
EI,Emissions intensities,246,Finland,71761,Emissions intensity,21113.01,"Meat of pig with the bone, fresh or chilled",2023,2023,kg CO2eq/kg,1.7994,E,Estimated value
EI,Emissions intensities,250,France,71761,Emissions intensity,F1718,Cereals excluding rice,2023,2023,kg CO2eq/kg,0.0975,E,Estimated value
EI,Emissions intensities,250,France,71761,Emissions intensity,113,Rice,2023,2023,kg CO2eq/kg,20.7821,E,Estimated value
EI,Emissions intensities,250,France,71761,Emissions intensity,21111.01,"Meat of cattle with the bone, fresh or chilled",2023,2023,kg CO2eq/kg,23.1083,E,Estimated value
EI,Emissions intensities,250,France,71761,Emissions intensity,2211,Raw milk of cattle,2023,2023,kg CO2eq/kg,0.6233,E,Estimated value
EI,Emissions intensities,250,France,71761,Emissions intensity,21116,"Meat of goat, fresh or chilled",2023,2023,kg CO2eq/kg,8.3669,E,Estimated value
EI,Emissions intensities,250,France,71761,Emissions intensity,2292,Raw milk of goats,2023,2023,kg CO2eq/kg,0.3787,E,Estimated value
EI,Emissions intensities,250,France,71761,Emissions intensity,21115,"Meat of sheep, fresh or chilled",2023,2023,kg CO2eq/kg,22.7779,E,Estimated value
EI,Emissions intensities,250,France,71761,Emissions intensity,2291,Raw milk of sheep,2023,2023,kg CO2eq/kg,1.39,E,Estimated value
EI,Emissions intensities,250,France,71761,Emissions intensity,21121,"Meat of chickens, fresh or chilled",2023,2023,kg CO2eq/kg,0.4871,E,Estimated value
EI,Emissions intensities,250,France,71761,Emissions intensity,21113.01,"Meat of pig with the bone, fresh or chilled",2023,2023,kg CO2eq/kg,1.6655,E,Estimated value
EI,Emissions intensities,258,French Polynesia,71761,Emissions intensity,21111.01,"Meat of cattle with the bone, fresh or chilled",2023,2023,kg CO2eq/kg,110.3665,E,Estimated value
EI,Emissions intensities,258,French Polynesia,71761,Emissions intensity,2211,Raw milk of cattle,2023,2023,kg CO2eq/kg,3.3262,E,Estimated value
EI,Emissions intensities,258,French Polynesia,71761,Emissions intensity,21116,"Meat of goat, fresh or chilled",2023,2023,kg CO2eq/kg,55.0382,E,Estimated value
EI,Emissions intensities,258,French Polynesia,71761,Emissions intensity,21115,"Meat of sheep, fresh or chilled",2023,2023,kg CO2eq/kg,30,E,Estimated value
EI,Emissions intensities,258,French Polynesia,71761,Emissions intensity,21121,"Meat of chickens, fresh or chilled",2023,2023,kg CO2eq/kg,0.5773,E,Estimated value
EI,Emissions intensities,258,French Polynesia,71761,Emissions intensity,231,"Hen eggs in shell, fresh",2023,2023,kg CO2eq/kg,0.3693,E,Estimated value
EI,Emissions intensities,258,French Polynesia,71761,Emissions intensity,21113.01,"Meat of pig with the bone, fresh or chilled",2023,2023,kg CO2eq/kg,16.1462,E,Estimated value
EI,Emissions intensities,266,Gabon,71761,Emissions intensity,F1718,Cereals excluding rice,2023,2023,kg CO2eq/kg,0.4887,E,Estimated value
EI,Emissions intensities,266,Gabon,71761,Emissions intensity,113,Rice,2023,2023,kg CO2eq/kg,1.9466,E,Estimated value
EI,Emissions intensities,266,Gabon,71761,Emissions intensity,21111.01,"Meat of cattle with the bone, fresh or chilled",2023,2023,kg CO2eq/kg,46.6851,E,Estimated value
EI,Emissions intensities,266,Gabon,71761,Emissions intensity,2211,Raw milk of cattle,2023,2023,kg CO2eq/kg,1.4334,E,Estimated value
EI,Emissions intensities,266,Gabon,71761,Emissions intensity,21116,"Meat of goat, fresh or chilled",2023,2023,kg CO2eq/kg,79.6506,E,Estimated value
EI,Emissions intensities,266,Gabon,71761,Emissions intensity,21115,"Meat of sheep, fresh or chilled",2023,2023,kg CO2eq/kg,57.7763,E,Estimated value
EI,Emissions intensities,266,Gabon,71761,Emissions intensity,21121,"Meat of chickens, fresh or chilled",2023,2023,kg CO2eq/kg,2.6449,E,Estimated value
EI,Emissions intensities,266,Gabon,71761,Emissions intensity,231,"Hen eggs in shell, fresh",2023,2023,kg CO2eq/kg,1.5269,E,Estimated value
EI,Emissions intensities,266,Gabon,71761,Emissions intensity,21113.01,"Meat of pig with the bone, fresh or chilled",2023,2023,kg CO2eq/kg,16.0838,E,Estimated value
EI,Emissions intensities,270,Gambia,71761,Emissions intensity,F1718,Cereals excluding rice,2023,2023,kg CO2eq/kg,0.2873,E,Estimated value
EI,Emissions intensities,270,Gambia,71761,Emissions intensity,113,Rice,2023,2023,kg CO2eq/kg,8.635,E,Estimated value
EI,Emissions intensities,270,Gambia,71761,Emissions intensity,21111.01,"Meat of cattle with the bone, fresh or chilled",2023,2023,kg CO2eq/kg,131.3061,E,Estimated value
EI,Emissions intensities,270,Gambia,71761,Emissions intensity,2211,Raw milk of cattle,2023,2023,kg CO2eq/kg,1.4418,E,Estimated value
EI,Emissions intensities,270,Gambia,71761,Emissions intensity,21116,"Meat of goat, fresh or chilled",2023,2023,kg CO2eq/kg,90.7319,E,Estimated value
EI,Emissions intensities,270,Gambia,71761,Emissions intensity,21115,"Meat of sheep, fresh or chilled",2023,2023,kg CO2eq/kg,63.3358,E,Estimated value
EI,Emissions intensities,270,Gambia,71761,Emissions intensity,21121,"Meat of chickens, fresh or chilled",2023,2023,kg CO2eq/kg,2.9324,E,Estimated value
EI,Emissions intensities,270,Gambia,71761,Emissions intensity,231,"Hen eggs in shell, fresh",2023,2023,kg CO2eq/kg,1.4918,E,Estimated value
EI,Emissions intensities,270,Gambia,71761,Emissions intensity,21113.01,"Meat of pig with the bone, fresh or chilled",2023,2023,kg CO2eq/kg,6.5708,E,Estimated value
EI,Emissions intensities,268,Georgia,71761,Emissions intensity,F1718,Cereals excluding rice,2023,2023,kg CO2eq/kg,0.4185,E,Estimated value
EI,Emissions intensities,268,Georgia,71761,Emissions intensity,21111.01,"Meat of cattle with the bone, fresh or chilled",2023,2023,kg CO2eq/kg,25.2492,E,Estimated value
EI,Emissions intensities,268,Georgia,71761,Emissions intensity,2211,Raw milk of cattle,2023,2023,kg CO2eq/kg,1.4536,E,Estimated value
EI,Emissions intensities,268,Georgia,71761,Emissions intensity,2292,Raw milk of goats,2023,2023,kg CO2eq/kg,2.6179,E,Estimated value
EI,Emissions intensities,268,Georgia,71761,Emissions intensity,21115,"Meat of sheep, fresh or chilled",2023,2023,kg CO2eq/kg,31.0017,E,Estimated value
EI,Emissions intensities,268,Georgia,71761,Emissions intensity,2291,Raw milk of sheep,2023,2023,kg CO2eq/kg,4.5386,E,Estimated value
EI,Emissions intensities,268,Georgia,71761,Emissions intensity,21121,"Meat of chickens, fresh or chilled",2023,2023,kg CO2eq/kg,0.887,E,Estimated value
EI,Emissions intensities,268,Georgia,71761,Emissions intensity,231,"Hen eggs in shell, fresh",2023,2023,kg CO2eq/kg,0.3783,E,Estimated value
EI,Emissions intensities,268,Georgia,71761,Emissions intensity,21113.01,"Meat of pig with the bone, fresh or chilled",2023,2023,kg CO2eq/kg,1.3665,E,Estimated value
EI,Emissions intensities,276,Germany,71761,Emissions intensity,F1718,Cereals excluding rice,2023,2023,kg CO2eq/kg,0.141,E,Estimated value
EI,Emissions intensities,276,Germany,71761,Emissions intensity,21111.01,"Meat of cattle with the bone, fresh or chilled",2023,2023,kg CO2eq/kg,15.5219,E,Estimated value
EI,Emissions intensities,276,Germany,71761,Emissions intensity,2211,Raw milk of cattle,2023,2023,kg CO2eq/kg,0.5101,E,Estimated value
EI,Emissions intensities,276,Germany,71761,Emissions intensity,21116,"Meat of goat, fresh or chilled",2023,2023,kg CO2eq/kg,93.07,E,Estimated value
EI,Emissions intensities,276,Germany,71761,Emissions intensity,21115,"Meat of sheep, fresh or chilled",2023,2023,kg CO2eq/kg,16.4779,E,Estimated value
EI,Emissions intensities,276,Germany,71761,Emissions intensity,21121,"Meat of chickens, fresh or chilled",2023,2023,kg CO2eq/kg,0.3397,E,Estimated value
EI,Emissions intensities,276,Germany,71761,Emissions intensity,231,"Hen eggs in shell, fresh",2023,2023,kg CO2eq/kg,0.5252,E,Estimated value
EI,Emissions intensities,276,Germany,71761,Emissions intensity,21113.01,"Meat of pig with the bone, fresh or chilled",2023,2023,kg CO2eq/kg,1.4606,E,Estimated value
EI,Emissions intensities,288,Ghana,71761,Emissions intensity,F1718,Cereals excluding rice,2023,2023,kg CO2eq/kg,0.1198,E,Estimated value
EI,Emissions intensities,288,Ghana,71761,Emissions intensity,113,Rice,2023,2023,kg CO2eq/kg,0.6049,E,Estimated value
EI,Emissions intensities,288,Ghana,71761,Emissions intensity,21111.01,"Meat of cattle with the bone, fresh or chilled",2023,2023,kg CO2eq/kg,80.7751,E,Estimated value
EI,Emissions intensities,288,Ghana,71761,Emissions intensity,2211,Raw milk of cattle,2023,2023,kg CO2eq/kg,14.3824,E,Estimated value
EI,Emissions intensities,288,Ghana,71761,Emissions intensity,21116,"Meat of goat, fresh or chilled",2023,2023,kg CO2eq/kg,60.6905,E,Estimated value
EI,Emissions intensities,288,Ghana,71761,Emissions intensity,21115,"Meat of sheep, fresh or chilled",2023,2023,kg CO2eq/kg,49.3799,E,Estimated value
EI,Emissions intensities,288,Ghana,71761,Emissions intensity,21121,"Meat of chickens, fresh or chilled",2023,2023,kg CO2eq/kg,4.0731,E,Estimated value
EI,Emissions intensities,288,Ghana,71761,Emissions intensity,231,"Hen eggs in shell, fresh",2023,2023,kg CO2eq/kg,2.1963,E,Estimated value
EI,Emissions intensities,288,Ghana,71761,Emissions intensity,21113.01,"Meat of pig with the bone, fresh or chilled",2023,2023,kg CO2eq/kg,7.5667,E,Estimated value
EI,Emissions intensities,300,Greece,71761,Emissions intensity,F1718,Cereals excluding rice,2023,2023,kg CO2eq/kg,0.185,E,Estimated value
EI,Emissions intensities,300,Greece,71761,Emissions intensity,113,Rice,2023,2023,kg CO2eq/kg,2.7632,E,Estimated value
EI,Emissions intensities,300,Greece,71761,Emissions intensity,21111.01,"Meat of cattle with the bone, fresh or chilled",2023,2023,kg CO2eq/kg,33.5278,E,Estimated value
EI,Emissions intensities,300,Greece,71761,Emissions intensity,2211,Raw milk of cattle,2023,2023,kg CO2eq/kg,0.6526,E,Estimated value
EI,Emissions intensities,300,Greece,71761,Emissions intensity,21116,"Meat of goat, fresh or chilled",2023,2023,kg CO2eq/kg,9.4531,E,Estimated value
EI,Emissions intensities,300,Greece,71761,Emissions intensity,2292,Raw milk of goats,2023,2023,kg CO2eq/kg,1.4701,E,Estimated value
EI,Emissions intensities,300,Greece,71761,Emissions intensity,21115,"Meat of sheep, fresh or chilled",2023,2023,kg CO2eq/kg,13.579,E,Estimated value
EI,Emissions intensities,300,Greece,71761,Emissions intensity,2291,Raw milk of sheep,2023,2023,kg CO2eq/kg,1.93,E,Estimated value
EI,Emissions intensities,300,Greece,71761,Emissions intensity,21113.01,"Meat of pig with the bone, fresh or chilled",2023,2023,kg CO2eq/kg,3.8232,E,Estimated value
EI,Emissions intensities,308,Grenada,71761,Emissions intensity,F1718,Cereals excluding rice,2023,2023,kg CO2eq/kg,0.2002,E,Estimated value
EI,Emissions intensities,308,Grenada,71761,Emissions intensity,21111.01,"Meat of cattle with the bone, fresh or chilled",2023,2023,kg CO2eq/kg,88.8457,E,Estimated value
EI,Emissions intensities,308,Grenada,71761,Emissions intensity,2211,Raw milk of cattle,2023,2023,kg CO2eq/kg,3.1725,E,Estimated value
EI,Emissions intensities,308,Grenada,71761,Emissions intensity,21116,"Meat of goat, fresh or chilled",2023,2023,kg CO2eq/kg,40.1259,E,Estimated value
EI,Emissions intensities,308,Grenada,71761,Emissions intensity,21115,"Meat of sheep, fresh or chilled",2023,2023,kg CO2eq/kg,13.1466,E,Estimated value
EI,Emissions intensities,308,Grenada,71761,Emissions intensity,21121,"Meat of chickens, fresh or chilled",2023,2023,kg CO2eq/kg,0.347,E,Estimated value
EI,Emissions intensities,308,Grenada,71761,Emissions intensity,231,"Hen eggs in shell, fresh",2023,2023,kg CO2eq/kg,0.5828,E,Estimated value
EI,Emissions intensities,308,Grenada,71761,Emissions intensity,21113.01,"Meat of pig with the bone, fresh or chilled",2023,2023,kg CO2eq/kg,1.5,E,Estimated value
EI,Emissions intensities,320,Guatemala,71761,Emissions intensity,F1718,Cereals excluding rice,2023,2023,kg CO2eq/kg,0.3693,E,Estimated value
EI,Emissions intensities,320,Guatemala,71761,Emissions intensity,113,Rice,2023,2023,kg CO2eq/kg,0.4846,E,Estimated value
EI,Emissions intensities,320,Guatemala,71761,Emissions intensity,21111.01,"Meat of cattle with the bone, fresh or chilled",2023,2023,kg CO2eq/kg,32.5287,E,Estimated value
EI,Emissions intensities,320,Guatemala,71761,Emissions intensity,2211,Raw milk of cattle,2023,2023,kg CO2eq/kg,3.4629,E,Estimated value
EI,Emissions intensities,320,Guatemala,71761,Emissions intensity,21116,"Meat of goat, fresh or chilled",2023,2023,kg CO2eq/kg,130.4996,E,Estimated value
EI,Emissions intensities,320,Guatemala,71761,Emissions intensity,2292,Raw milk of goats,2023,2023,kg CO2eq/kg,1.287,E,Estimated value
EI,Emissions intensities,320,Guatemala,71761,Emissions intensity,21115,"Meat of sheep, fresh or chilled",2023,2023,kg CO2eq/kg,65.5566,E,Estimated value
EI,Emissions intensities,320,Guatemala,71761,Emissions intensity,21121,"Meat of chickens, fresh or chilled",2023,2023,kg CO2eq/kg,0.2281,E,Estimated value
EI,Emissions intensities,320,Guatemala,71761,Emissions intensity,231,"Hen eggs in shell, fresh",2023,2023,kg CO2eq/kg,0.4038,E,Estimated value
EI,Emissions intensities,320,Guatemala,71761,Emissions intensity,21113.01,"Meat of pig with the bone, fresh or chilled",2023,2023,kg CO2eq/kg,14.3219,E,Estimated value
EI,Emissions intensities,324,Guinea,71761,Emissions intensity,F1718,Cereals excluding rice,2023,2023,kg CO2eq/kg,0.1224,E,Estimated value
EI,Emissions intensities,324,Guinea,71761,Emissions intensity,113,Rice,2023,2023,kg CO2eq/kg,2.219,E,Estimated value
EI,Emissions intensities,324,Guinea,71761,Emissions intensity,21111.01,"Meat of cattle with the bone, fresh or chilled",2023,2023,kg CO2eq/kg,114.7806,E,Estimated value
EI,Emissions intensities,324,Guinea,71761,Emissions intensity,2211,Raw milk of cattle,2023,2023,kg CO2eq/kg,9.3943,E,Estimated value
EI,Emissions intensities,324,Guinea,71761,Emissions intensity,21116,"Meat of goat, fresh or chilled",2023,2023,kg CO2eq/kg,55.9982,E,Estimated value
EI,Emissions intensities,324,Guinea,71761,Emissions intensity,2292,Raw milk of goats,2023,2023,kg CO2eq/kg,2.8469,E,Estimated value
EI,Emissions intensities,324,Guinea,71761,Emissions intensity,21115,"Meat of sheep, fresh or chilled",2023,2023,kg CO2eq/kg,55.3086,E,Estimated value
EI,Emissions intensities,324,Guinea,71761,Emissions intensity,2291,Raw milk of sheep,2023,2023,kg CO2eq/kg,4.1285,E,Estimated value
EI,Emissions intensities,324,Guinea,71761,Emissions intensity,21121,"Meat of chickens, fresh or chilled",2023,2023,kg CO2eq/kg,9.1591,E,Estimated value
EI,Emissions intensities,324,Guinea,71761,Emissions intensity,231,"Hen eggs in shell, fresh",2023,2023,kg CO2eq/kg,1.5128,E,Estimated value
EI,Emissions intensities,324,Guinea,71761,Emissions intensity,21113.01,"Meat of pig with the bone, fresh or chilled",2023,2023,kg CO2eq/kg,9.8484,E,Estimated value
EI,Emissions intensities,624,Guinea-Bissau,71761,Emissions intensity,F1718,Cereals excluding rice,2023,2023,kg CO2eq/kg,0.1727,E,Estimated value
EI,Emissions intensities,624,Guinea-Bissau,71761,Emissions intensity,113,Rice,2023,2023,kg CO2eq/kg,1.1689,E,Estimated value
EI,Emissions intensities,624,Guinea-Bissau,71761,Emissions intensity,21111.01,"Meat of cattle with the bone, fresh or chilled",2023,2023,kg CO2eq/kg,104.4591,E,Estimated value
EI,Emissions intensities,624,Guinea-Bissau,71761,Emissions intensity,2211,Raw milk of cattle,2023,2023,kg CO2eq/kg,11.5389,E,Estimated value
EI,Emissions intensities,624,Guinea-Bissau,71761,Emissions intensity,21116,"Meat of goat, fresh or chilled",2023,2023,kg CO2eq/kg,180.6352,E,Estimated value
EI,Emissions intensities,624,Guinea-Bissau,71761,Emissions intensity,2292,Raw milk of goats,2023,2023,kg CO2eq/kg,2.1373,E,Estimated value
EI,Emissions intensities,624,Guinea-Bissau,71761,Emissions intensity,21115,"Meat of sheep, fresh or chilled",2023,2023,kg CO2eq/kg,67.4115,E,Estimated value
EI,Emissions intensities,624,Guinea-Bissau,71761,Emissions intensity,2291,Raw milk of sheep,2023,2023,kg CO2eq/kg,2.9871,E,Estimated value
EI,Emissions intensities,624,Guinea-Bissau,71761,Emissions intensity,21121,"Meat of chickens, fresh or chilled",2023,2023,kg CO2eq/kg,2.2895,E,Estimated value
EI,Emissions intensities,624,Guinea-Bissau,71761,Emissions intensity,231,"Hen eggs in shell, fresh",2023,2023,kg CO2eq/kg,1.4046,E,Estimated value
EI,Emissions intensities,624,Guinea-Bissau,71761,Emissions intensity,21113.01,"Meat of pig with the bone, fresh or chilled",2023,2023,kg CO2eq/kg,10.3692,E,Estimated value
EI,Emissions intensities,328,Guyana,71761,Emissions intensity,F1718,Cereals excluding rice,2023,2023,kg CO2eq/kg,7.7858,E,Estimated value
EI,Emissions intensities,328,Guyana,71761,Emissions intensity,113,Rice,2023,2023,kg CO2eq/kg,1.2888,E,Estimated value
EI,Emissions intensities,328,Guyana,71761,Emissions intensity,21111.01,"Meat of cattle with the bone, fresh or chilled",2023,2023,kg CO2eq/kg,60.9094,E,Estimated value
EI,Emissions intensities,328,Guyana,71761,Emissions intensity,2211,Raw milk of cattle,2023,2023,kg CO2eq/kg,1.8089,E,Estimated value
EI,Emissions intensities,328,Guyana,71761,Emissions intensity,21116,"Meat of goat, fresh or chilled",2023,2023,kg CO2eq/kg,71.8762,E,Estimated value
EI,Emissions intensities,328,Guyana,71761,Emissions intensity,21115,"Meat of sheep, fresh or chilled",2023,2023,kg CO2eq/kg,50.6226,E,Estimated value
EI,Emissions intensities,328,Guyana,71761,Emissions intensity,21121,"Meat of chickens, fresh or chilled",2023,2023,kg CO2eq/kg,1.9126,E,Estimated value
EI,Emissions intensities,328,Guyana,71761,Emissions intensity,231,"Hen eggs in shell, fresh",2023,2023,kg CO2eq/kg,0.9615,E,Estimated value
EI,Emissions intensities,328,Guyana,71761,Emissions intensity,21113.01,"Meat of pig with the bone, fresh or chilled",2023,2023,kg CO2eq/kg,2.6863,E,Estimated value
EI,Emissions intensities,332,Haiti,71761,Emissions intensity,F1718,Cereals excluding rice,2023,2023,kg CO2eq/kg,0.184,E,Estimated value
EI,Emissions intensities,332,Haiti,71761,Emissions intensity,113,Rice,2023,2023,kg CO2eq/kg,1.3072,E,Estimated value
EI,Emissions intensities,332,Haiti,71761,Emissions intensity,21111.01,"Meat of cattle with the bone, fresh or chilled",2023,2023,kg CO2eq/kg,53.3734,E,Estimated value
EI,Emissions intensities,332,Haiti,71761,Emissions intensity,2211,Raw milk of cattle,2023,2023,kg CO2eq/kg,10.2959,E,Estimated value
EI,Emissions intensities,332,Haiti,71761,Emissions intensity,21116,"Meat of goat, fresh or chilled",2023,2023,kg CO2eq/kg,54.8514,E,Estimated value
EI,Emissions intensities,332,Haiti,71761,Emissions intensity,2292,Raw milk of goats,2023,2023,kg CO2eq/kg,2.9135,E,Estimated value
EI,Emissions intensities,332,Haiti,71761,Emissions intensity,21115,"Meat of sheep, fresh or chilled",2023,2023,kg CO2eq/kg,33.5665,E,Estimated value
EI,Emissions intensities,332,Haiti,71761,Emissions intensity,21121,"Meat of chickens, fresh or chilled",2023,2023,kg CO2eq/kg,2.2933,E,Estimated value
EI,Emissions intensities,332,Haiti,71761,Emissions intensity,231,"Hen eggs in shell, fresh",2023,2023,kg CO2eq/kg,0.6121,E,Estimated value
EI,Emissions intensities,332,Haiti,71761,Emissions intensity,21113.01,"Meat of pig with the bone, fresh or chilled",2023,2023,kg CO2eq/kg,6.8702,E,Estimated value
EI,Emissions intensities,340,Honduras,71761,Emissions intensity,F1718,Cereals excluding rice,2023,2023,kg CO2eq/kg,0.4051,E,Estimated value
EI,Emissions intensities,340,Honduras,71761,Emissions intensity,113,Rice,2023,2023,kg CO2eq/kg,0.924,E,Estimated value
EI,Emissions intensities,340,Honduras,71761,Emissions intensity,21111.01,"Meat of cattle with the bone, fresh or chilled",2023,2023,kg CO2eq/kg,73.3384,E,Estimated value
EI,Emissions intensities,340,Honduras,71761,Emissions intensity,2211,Raw milk of cattle,2023,2023,kg CO2eq/kg,1.8397,E,Estimated value
EI,Emissions intensities,340,Honduras,71761,Emissions intensity,21116,"Meat of goat, fresh or chilled",2023,2023,kg CO2eq/kg,37.8984,E,Estimated value
EI,Emissions intensities,340,Honduras,71761,Emissions intensity,21115,"Meat of sheep, fresh or chilled",2023,2023,kg CO2eq/kg,35.6809,E,Estimated value
EI,Emissions intensities,340,Honduras,71761,Emissions intensity,21121,"Meat of chickens, fresh or chilled",2023,2023,kg CO2eq/kg,0.6783,E,Estimated value
EI,Emissions intensities,340,Honduras,71761,Emissions intensity,231,"Hen eggs in shell, fresh",2023,2023,kg CO2eq/kg,0.4664,E,Estimated value
EI,Emissions intensities,340,Honduras,71761,Emissions intensity,21113.01,"Meat of pig with the bone, fresh or chilled",2023,2023,kg CO2eq/kg,11.9852,E,Estimated value
EI,Emissions intensities,348,Hungary,71761,Emissions intensity,F1718,Cereals excluding rice,2023,2023,kg CO2eq/kg,0.1201,E,Estimated value
EI,Emissions intensities,348,Hungary,71761,Emissions intensity,113,Rice,2023,2023,kg CO2eq/kg,25.1405,E,Estimated value
EI,Emissions intensities,348,Hungary,71761,Emissions intensity,21111.01,"Meat of cattle with the bone, fresh or chilled",2023,2023,kg CO2eq/kg,54.9635,E,Estimated value
EI,Emissions intensities,348,Hungary,71761,Emissions intensity,2211,Raw milk of cattle,2023,2023,kg CO2eq/kg,0.4772,E,Estimated value
EI,Emissions intensities,348,Hungary,71761,Emissions intensity,21116,"Meat of goat, fresh or chilled",2023,2023,kg CO2eq/kg,33.3476,E,Estimated value
EI,Emissions intensities,348,Hungary,71761,Emissions intensity,2292,Raw milk of goats,2023,2023,kg CO2eq/kg,1.9138,E,Estimated value
EI,Emissions intensities,348,Hungary,71761,Emissions intensity,21115,"Meat of sheep, fresh or chilled",2023,2023,kg CO2eq/kg,227.5233,E,Estimated value
EI,Emissions intensities,348,Hungary,71761,Emissions intensity,2291,Raw milk of sheep,2023,2023,kg CO2eq/kg,3.8037,E,Estimated value
EI,Emissions intensities,348,Hungary,71761,Emissions intensity,21121,"Meat of chickens, fresh or chilled",2023,2023,kg CO2eq/kg,0.1694,E,Estimated value
EI,Emissions intensities,348,Hungary,71761,Emissions intensity,21113.01,"Meat of pig with the bone, fresh or chilled",2023,2023,kg CO2eq/kg,1.2967,E,Estimated value
EI,Emissions intensities,352,Iceland,71761,Emissions intensity,F1718,Cereals excluding rice,2023,2023,kg CO2eq/kg,2.557,E,Estimated value
EI,Emissions intensities,352,Iceland,71761,Emissions intensity,21111.01,"Meat of cattle with the bone, fresh or chilled",2023,2023,kg CO2eq/kg,22.3908,E,Estimated value
EI,Emissions intensities,352,Iceland,71761,Emissions intensity,2211,Raw milk of cattle,2023,2023,kg CO2eq/kg,0.8614,E,Estimated value
EI,Emissions intensities,352,Iceland,71761,Emissions intensity,21115,"Meat of sheep, fresh or chilled",2023,2023,kg CO2eq/kg,13.6706,E,Estimated value
EI,Emissions intensities,352,Iceland,71761,Emissions intensity,21121,"Meat of chickens, fresh or chilled",2023,2023,kg CO2eq/kg,0.0135,E,Estimated value
EI,Emissions intensities,352,Iceland,71761,Emissions intensity,231,"Hen eggs in shell, fresh",2023,2023,kg CO2eq/kg,0.451,E,Estimated value
EI,Emissions intensities,352,Iceland,71761,Emissions intensity,21113.01,"Meat of pig with the bone, fresh or chilled",2023,2023,kg CO2eq/kg,1.2121,E,Estimated value
EI,Emissions intensities,356,India,71761,Emissions intensity,F1718,Cereals excluding rice,2023,2023,kg CO2eq/kg,0.2401,E,Estimated value
EI,Emissions intensities,356,India,71761,Emissions intensity,113,Rice,2023,2023,kg CO2eq/kg,0.7945,E,Estimated value
EI,Emissions intensities,356,India,71761,Emissions intensity,2211,Raw milk of cattle,2023,2023,kg CO2eq/kg,1.0329,E,Estimated value
EI,Emissions intensities,356,India,71761,Emissions intensity,21116,"Meat of goat, fresh or chilled",2023,2023,kg CO2eq/kg,16.3457,E,Estimated value
EI,Emissions intensities,356,India,71761,Emissions intensity,2292,Raw milk of goats,2023,2023,kg CO2eq/kg,1.3283,E,Estimated value
EI,Emissions intensities,356,India,71761,Emissions intensity,21112,"Meat of buffalo, fresh or chilled",2023,2023,kg CO2eq/kg,27.2241,E,Estimated value
EI,Emissions intensities,356,India,71761,Emissions intensity,2212,Raw milk of buffalo,2023,2023,kg CO2eq/kg,0.8789,E,Estimated value
EI,Emissions intensities,356,India,71761,Emissions intensity,21115,"Meat of sheep, fresh or chilled",2023,2023,kg CO2eq/kg,14.8969,E,Estimated value
EI,Emissions intensities,356,India,71761,Emissions intensity,2293,Raw milk of camel,2023,2023,kg CO2eq/kg,9.2214,E,Estimated value
EI,Emissions intensities,356,India,71761,Emissions intensity,21121,"Meat of chickens, fresh or chilled",2023,2023,kg CO2eq/kg,0.1311,E,Estimated value
EI,Emissions intensities,356,India,71761,Emissions intensity,231,"Hen eggs in shell, fresh",2023,2023,kg CO2eq/kg,0.4546,E,Estimated value
EI,Emissions intensities,356,India,71761,Emissions intensity,21113.01,"Meat of pig with the bone, fresh or chilled",2023,2023,kg CO2eq/kg,4.7305,E,Estimated value
EI,Emissions intensities,360,Indonesia,71761,Emissions intensity,F1718,Cereals excluding rice,2023,2023,kg CO2eq/kg,0.1569,E,Estimated value
EI,Emissions intensities,360,Indonesia,71761,Emissions intensity,113,Rice,2023,2023,kg CO2eq/kg,1.3664,E,Estimated value
EI,Emissions intensities,360,Indonesia,71761,Emissions intensity,21111.01,"Meat of cattle with the bone, fresh or chilled",2023,2023,kg CO2eq/kg,65.027,E,Estimated value
EI,Emissions intensities,360,Indonesia,71761,Emissions intensity,2211,Raw milk of cattle,2023,2023,kg CO2eq/kg,2.0485,E,Estimated value
EI,Emissions intensities,360,Indonesia,71761,Emissions intensity,21116,"Meat of goat, fresh or chilled",2023,2023,kg CO2eq/kg,46.1902,E,Estimated value
EI,Emissions intensities,360,Indonesia,71761,Emissions intensity,2292,Raw milk of goats,2023,2023,kg CO2eq/kg,4.8431,E,Estimated value
EI,Emissions intensities,360,Indonesia,71761,Emissions intensity,21112,"Meat of buffalo, fresh or chilled",2023,2023,kg CO2eq/kg,85.2337,E,Estimated value
EI,Emissions intensities,360,Indonesia,71761,Emissions intensity,2212,Raw milk of buffalo,2023,2023,kg CO2eq/kg,2.8,E,Estimated value
EI,Emissions intensities,360,Indonesia,71761,Emissions intensity,21115,"Meat of sheep, fresh or chilled",2023,2023,kg CO2eq/kg,41.3856,E,Estimated value
EI,Emissions intensities,360,Indonesia,71761,Emissions intensity,2291,Raw milk of sheep,2023,2023,kg CO2eq/kg,8.1343,E,Estimated value
EI,Emissions intensities,360,Indonesia,71761,Emissions intensity,21121,"Meat of chickens, fresh or chilled",2023,2023,kg CO2eq/kg,2.7639,E,Estimated value
EI,Emissions intensities,360,Indonesia,71761,Emissions intensity,231,"Hen eggs in shell, fresh",2023,2023,kg CO2eq/kg,0.3561,E,Estimated value
EI,Emissions intensities,360,Indonesia,71761,Emissions intensity,21113.01,"Meat of pig with the bone, fresh or chilled",2023,2023,kg CO2eq/kg,11.3653,E,Estimated value
EI,Emissions intensities,364,Iran (Islamic Republic of),71761,Emissions intensity,F1718,Cereals excluding rice,2023,2023,kg CO2eq/kg,0.1573,E,Estimated value
EI,Emissions intensities,364,Iran (Islamic Republic of),71761,Emissions intensity,113,Rice,2023,2023,kg CO2eq/kg,1.4457,E,Estimated value
EI,Emissions intensities,364,Iran (Islamic Republic of),71761,Emissions intensity,21111.01,"Meat of cattle with the bone, fresh or chilled",2023,2023,kg CO2eq/kg,12.6268,E,Estimated value
EI,Emissions intensities,364,Iran (Islamic Republic of),71761,Emissions intensity,2211,Raw milk of cattle,2023,2023,kg CO2eq/kg,0.5397,E,Estimated value
EI,Emissions intensities,364,Iran (Islamic Republic of),71761,Emissions intensity,21116,"Meat of goat, fresh or chilled",2023,2023,kg CO2eq/kg,80.5262,E,Estimated value
EI,Emissions intensities,364,Iran (Islamic Republic of),71761,Emissions intensity,2292,Raw milk of goats,2023,2023,kg CO2eq/kg,4.8841,E,Estimated value
EI,Emissions intensities,364,Iran (Islamic Republic of),71761,Emissions intensity,21112,"Meat of buffalo, fresh or chilled",2023,2023,kg CO2eq/kg,43.3856,E,Estimated value
EI,Emissions intensities,364,Iran (Islamic Republic of),71761,Emissions intensity,2212,Raw milk of buffalo,2023,2023,kg CO2eq/kg,0.6697,E,Estimated value
EI,Emissions intensities,364,Iran (Islamic Republic of),71761,Emissions intensity,21115,"Meat of sheep, fresh or chilled",2023,2023,kg CO2eq/kg,36.7525,E,Estimated value
EI,Emissions intensities,364,Iran (Islamic Republic of),71761,Emissions intensity,2291,Raw milk of sheep,2023,2023,kg CO2eq/kg,7.0058,E,Estimated value
EI,Emissions intensities,364,Iran (Islamic Republic of),71761,Emissions intensity,21121,"Meat of chickens, fresh or chilled",2023,2023,kg CO2eq/kg,1.7561,E,Estimated value
EI,Emissions intensities,364,Iran (Islamic Republic of),71761,Emissions intensity,231,"Hen eggs in shell, fresh",2023,2023,kg CO2eq/kg,0.3589,E,Estimated value
EI,Emissions intensities,368,Iraq,71761,Emissions intensity,F1718,Cereals excluding rice,2023,2023,kg CO2eq/kg,0.1808,E,Estimated value
EI,Emissions intensities,368,Iraq,71761,Emissions intensity,113,Rice,2023,2023,kg CO2eq/kg,2.241,E,Estimated value
EI,Emissions intensities,368,Iraq,71761,Emissions intensity,21111.01,"Meat of cattle with the bone, fresh or chilled",2023,2023,kg CO2eq/kg,65.6475,E,Estimated value
EI,Emissions intensities,368,Iraq,71761,Emissions intensity,2211,Raw milk of cattle,2023,2023,kg CO2eq/kg,3.6623,E,Estimated value
EI,Emissions intensities,368,Iraq,71761,Emissions intensity,21116,"Meat of goat, fresh or chilled",2023,2023,kg CO2eq/kg,18.8112,E,Estimated value
EI,Emissions intensities,368,Iraq,71761,Emissions intensity,2292,Raw milk of goats,2023,2023,kg CO2eq/kg,7.5486,E,Estimated value
EI,Emissions intensities,368,Iraq,71761,Emissions intensity,21112,"Meat of buffalo, fresh or chilled",2023,2023,kg CO2eq/kg,55.1862,E,Estimated value
EI,Emissions intensities,368,Iraq,71761,Emissions intensity,2212,Raw milk of buffalo,2023,2023,kg CO2eq/kg,3.2023,E,Estimated value
EI,Emissions intensities,368,Iraq,71761,Emissions intensity,21115,"Meat of sheep, fresh or chilled",2023,2023,kg CO2eq/kg,16.0151,E,Estimated value
EI,Emissions intensities,368,Iraq,71761,Emissions intensity,2291,Raw milk of sheep,2023,2023,kg CO2eq/kg,12.0359,E,Estimated value
EI,Emissions intensities,368,Iraq,71761,Emissions intensity,2293,Raw milk of camel,2023,2023,kg CO2eq/kg,21.3055,E,Estimated value
EI,Emissions intensities,368,Iraq,71761,Emissions intensity,21121,"Meat of chickens, fresh or chilled",2023,2023,kg CO2eq/kg,2.422,E,Estimated value
EI,Emissions intensities,368,Iraq,71761,Emissions intensity,231,"Hen eggs in shell, fresh",2023,2023,kg CO2eq/kg,0.4235,E,Estimated value
EI,Emissions intensities,372,Ireland,71761,Emissions intensity,F1718,Cereals excluding rice,2023,2023,kg CO2eq/kg,0.128,E,Estimated value
EI,Emissions intensities,372,Ireland,71761,Emissions intensity,21111.01,"Meat of cattle with the bone, fresh or chilled",2023,2023,kg CO2eq/kg,18.3117,E,Estimated value
EI,Emissions intensities,372,Ireland,71761,Emissions intensity,2211,Raw milk of cattle,2023,2023,kg CO2eq/kg,0.8086,E,Estimated value
EI,Emissions intensities,372,Ireland,71761,Emissions intensity,21115,"Meat of sheep, fresh or chilled",2023,2023,kg CO2eq/kg,17.3612,E,Estimated value
EI,Emissions intensities,372,Ireland,71761,Emissions intensity,21113.01,"Meat of pig with the bone, fresh or chilled",2023,2023,kg CO2eq/kg,1.357,E,Estimated value
EI,Emissions intensities,376,Israel,71761,Emissions intensity,F1718,Cereals excluding rice,2023,2023,kg CO2eq/kg,0.2405,E,Estimated value
EI,Emissions intensities,376,Israel,71761,Emissions intensity,21111.01,"Meat of cattle with the bone, fresh or chilled",2023,2023,kg CO2eq/kg,3.8826,E,Estimated value
EI,Emissions intensities,376,Israel,71761,Emissions intensity,2211,Raw milk of cattle,2023,2023,kg CO2eq/kg,0.1404,E,Estimated value
EI,Emissions intensities,376,Israel,71761,Emissions intensity,21116,"Meat of goat, fresh or chilled",2023,2023,kg CO2eq/kg,1.6549,E,Estimated value
EI,Emissions intensities,376,Israel,71761,Emissions intensity,2292,Raw milk of goats,2023,2023,kg CO2eq/kg,1.0497,E,Estimated value
EI,Emissions intensities,376,Israel,71761,Emissions intensity,21115,"Meat of sheep, fresh or chilled",2023,2023,kg CO2eq/kg,1.5276,E,Estimated value
EI,Emissions intensities,376,Israel,71761,Emissions intensity,2291,Raw milk of sheep,2023,2023,kg CO2eq/kg,2.3352,E,Estimated value
EI,Emissions intensities,376,Israel,71761,Emissions intensity,21121,"Meat of chickens, fresh or chilled",2023,2023,kg CO2eq/kg,0.2619,E,Estimated value
EI,Emissions intensities,376,Israel,71761,Emissions intensity,231,"Hen eggs in shell, fresh",2023,2023,kg CO2eq/kg,0.3279,E,Estimated value
EI,Emissions intensities,376,Israel,71761,Emissions intensity,21113.01,"Meat of pig with the bone, fresh or chilled",2023,2023,kg CO2eq/kg,3.5521,E,Estimated value
EI,Emissions intensities,380,Italy,71761,Emissions intensity,F1718,Cereals excluding rice,2023,2023,kg CO2eq/kg,0.1981,E,Estimated value
EI,Emissions intensities,380,Italy,71761,Emissions intensity,113,Rice,2023,2023,kg CO2eq/kg,2.5105,E,Estimated value
EI,Emissions intensities,380,Italy,71761,Emissions intensity,21111.01,"Meat of cattle with the bone, fresh or chilled",2023,2023,kg CO2eq/kg,15.039,E,Estimated value
EI,Emissions intensities,380,Italy,71761,Emissions intensity,2211,Raw milk of cattle,2023,2023,kg CO2eq/kg,0.6645,E,Estimated value
EI,Emissions intensities,380,Italy,71761,Emissions intensity,21116,"Meat of goat, fresh or chilled",2023,2023,kg CO2eq/kg,13.2925,E,Estimated value
EI,Emissions intensities,380,Italy,71761,Emissions intensity,2292,Raw milk of goats,2023,2023,kg CO2eq/kg,3.7827,E,Estimated value
EI,Emissions intensities,380,Italy,71761,Emissions intensity,21115,"Meat of sheep, fresh or chilled",2023,2023,kg CO2eq/kg,24.3754,E,Estimated value
EI,Emissions intensities,380,Italy,71761,Emissions intensity,2291,Raw milk of sheep,2023,2023,kg CO2eq/kg,3.0661,E,Estimated value
EI,Emissions intensities,380,Italy,71761,Emissions intensity,21113.01,"Meat of pig with the bone, fresh or chilled",2023,2023,kg CO2eq/kg,2.3915,E,Estimated value
EI,Emissions intensities,388,Jamaica,71761,Emissions intensity,F1718,Cereals excluding rice,2023,2023,kg CO2eq/kg,0.3664,E,Estimated value
EI,Emissions intensities,388,Jamaica,71761,Emissions intensity,21111.01,"Meat of cattle with the bone, fresh or chilled",2023,2023,kg CO2eq/kg,37.8375,E,Estimated value
EI,Emissions intensities,388,Jamaica,71761,Emissions intensity,2211,Raw milk of cattle,2023,2023,kg CO2eq/kg,0.9365,E,Estimated value
EI,Emissions intensities,388,Jamaica,71761,Emissions intensity,21116,"Meat of goat, fresh or chilled",2023,2023,kg CO2eq/kg,18.1538,E,Estimated value
EI,Emissions intensities,388,Jamaica,71761,Emissions intensity,2292,Raw milk of goats,2023,2023,kg CO2eq/kg,0.6575,E,Estimated value
EI,Emissions intensities,388,Jamaica,71761,Emissions intensity,21115,"Meat of sheep, fresh or chilled",2023,2023,kg CO2eq/kg,48.9333,E,Estimated value
EI,Emissions intensities,388,Jamaica,71761,Emissions intensity,21121,"Meat of chickens, fresh or chilled",2023,2023,kg CO2eq/kg,0.3581,E,Estimated value
EI,Emissions intensities,388,Jamaica,71761,Emissions intensity,231,"Hen eggs in shell, fresh",2023,2023,kg CO2eq/kg,0.4066,E,Estimated value
EI,Emissions intensities,388,Jamaica,71761,Emissions intensity,21113.01,"Meat of pig with the bone, fresh or chilled",2023,2023,kg CO2eq/kg,5.2443,E,Estimated value
EI,Emissions intensities,392,Japan,71761,Emissions intensity,F1718,Cereals excluding rice,2023,2023,kg CO2eq/kg,0.1417,E,Estimated value
EI,Emissions intensities,392,Japan,71761,Emissions intensity,113,Rice,2023,2023,kg CO2eq/kg,0.9646,E,Estimated value
EI,Emissions intensities,392,Japan,71761,Emissions intensity,21111.01,"Meat of cattle with the bone, fresh or chilled",2023,2023,kg CO2eq/kg,11.4544,E,Estimated value
EI,Emissions intensities,392,Japan,71761,Emissions intensity,2211,Raw milk of cattle,2023,2023,kg CO2eq/kg,0.297,E,Estimated value
EI,Emissions intensities,392,Japan,71761,Emissions intensity,21116,"Meat of goat, fresh or chilled",2023,2023,kg CO2eq/kg,141.4977,E,Estimated value
EI,Emissions intensities,392,Japan,71761,Emissions intensity,21115,"Meat of sheep, fresh or chilled",2023,2023,kg CO2eq/kg,24.6284,E,Estimated value
EI,Emissions intensities,392,Japan,71761,Emissions intensity,21121,"Meat of chickens, fresh or chilled",2023,2023,kg CO2eq/kg,0.2919,E,Estimated value
EI,Emissions intensities,392,Japan,71761,Emissions intensity,231,"Hen eggs in shell, fresh",2023,2023,kg CO2eq/kg,0.3477,E,Estimated value
EI,Emissions intensities,392,Japan,71761,Emissions intensity,21113.01,"Meat of pig with the bone, fresh or chilled",2023,2023,kg CO2eq/kg,0.9876,E,Estimated value
EI,Emissions intensities,400,Jordan,71761,Emissions intensity,F1718,Cereals excluding rice,2023,2023,kg CO2eq/kg,0.2623,E,Estimated value
EI,Emissions intensities,400,Jordan,71761,Emissions intensity,21111.01,"Meat of cattle with the bone, fresh or chilled",2023,2023,kg CO2eq/kg,1.3633,E,Estimated value
EI,Emissions intensities,400,Jordan,71761,Emissions intensity,2211,Raw milk of cattle,2023,2023,kg CO2eq/kg,0.2695,E,Estimated value
EI,Emissions intensities,400,Jordan,71761,Emissions intensity,21116,"Meat of goat, fresh or chilled",2023,2023,kg CO2eq/kg,10.8169,E,Estimated value
EI,Emissions intensities,400,Jordan,71761,Emissions intensity,2292,Raw milk of goats,2023,2023,kg CO2eq/kg,10.7564,E,Estimated value
EI,Emissions intensities,400,Jordan,71761,Emissions intensity,21115,"Meat of sheep, fresh or chilled",2023,2023,kg CO2eq/kg,6.6528,E,Estimated value
EI,Emissions intensities,400,Jordan,71761,Emissions intensity,2291,Raw milk of sheep,2023,2023,kg CO2eq/kg,4.7827,E,Estimated value
EI,Emissions intensities,400,Jordan,71761,Emissions intensity,21121,"Meat of chickens, fresh or chilled",2023,2023,kg CO2eq/kg,0.6077,E,Estimated value
EI,Emissions intensities,400,Jordan,71761,Emissions intensity,231,"Hen eggs in shell, fresh",2023,2023,kg CO2eq/kg,0.3034,E,Estimated value
EI,Emissions intensities,398,Kazakhstan,71761,Emissions intensity,F1718,Cereals excluding rice,2023,2023,kg CO2eq/kg,0.117,E,Estimated value
EI,Emissions intensities,398,Kazakhstan,71761,Emissions intensity,113,Rice,2023,2023,kg CO2eq/kg,1.5076,E,Estimated value
EI,Emissions intensities,398,Kazakhstan,71761,Emissions intensity,21111.01,"Meat of cattle with the bone, fresh or chilled",2023,2023,kg CO2eq/kg,23.6532,E,Estimated value
EI,Emissions intensities,398,Kazakhstan,71761,Emissions intensity,2211,Raw milk of cattle,2023,2023,kg CO2eq/kg,1.0088,E,Estimated value
EI,Emissions intensities,398,Kazakhstan,71761,Emissions intensity,21116,"Meat of goat, fresh or chilled",2023,2023,kg CO2eq/kg,23.2788,E,Estimated value
EI,Emissions intensities,398,Kazakhstan,71761,Emissions intensity,2292,Raw milk of goats,2023,2023,kg CO2eq/kg,4.8911,E,Estimated value
EI,Emissions intensities,398,Kazakhstan,71761,Emissions intensity,21115,"Meat of sheep, fresh or chilled",2023,2023,kg CO2eq/kg,26.9768,E,Estimated value
EI,Emissions intensities,398,Kazakhstan,71761,Emissions intensity,2293,Raw milk of camel,2023,2023,kg CO2eq/kg,8.4378,E,Estimated value
EI,Emissions intensities,398,Kazakhstan,71761,Emissions intensity,21121,"Meat of chickens, fresh or chilled",2023,2023,kg CO2eq/kg,0.2658,E,Estimated value
EI,Emissions intensities,398,Kazakhstan,71761,Emissions intensity,231,"Hen eggs in shell, fresh",2023,2023,kg CO2eq/kg,0.4241,E,Estimated value
EI,Emissions intensities,398,Kazakhstan,71761,Emissions intensity,21113.01,"Meat of pig with the bone, fresh or chilled",2023,2023,kg CO2eq/kg,1.1218,E,Estimated value
EI,Emissions intensities,404,Kenya,71761,Emissions intensity,F1718,Cereals excluding rice,2023,2023,kg CO2eq/kg,0.1737,E,Estimated value
EI,Emissions intensities,404,Kenya,71761,Emissions intensity,113,Rice,2023,2023,kg CO2eq/kg,0.453,E,Estimated value
EI,Emissions intensities,404,Kenya,71761,Emissions intensity,21111.01,"Meat of cattle with the bone, fresh or chilled",2023,2023,kg CO2eq/kg,91.5446,E,Estimated value
EI,Emissions intensities,404,Kenya,71761,Emissions intensity,2211,Raw milk of cattle,2023,2023,kg CO2eq/kg,2.0013,E,Estimated value
EI,Emissions intensities,404,Kenya,71761,Emissions intensity,21116,"Meat of goat, fresh or chilled",2023,2023,kg CO2eq/kg,90.8697,E,Estimated value
EI,Emissions intensities,404,Kenya,71761,Emissions intensity,2292,Raw milk of goats,2023,2023,kg CO2eq/kg,4.4239,E,Estimated value
EI,Emissions intensities,404,Kenya,71761,Emissions intensity,21115,"Meat of sheep, fresh or chilled",2023,2023,kg CO2eq/kg,84.9287,E,Estimated value
EI,Emissions intensities,404,Kenya,71761,Emissions intensity,2291,Raw milk of sheep,2023,2023,kg CO2eq/kg,6.8633,E,Estimated value
EI,Emissions intensities,404,Kenya,71761,Emissions intensity,2293,Raw milk of camel,2023,2023,kg CO2eq/kg,2.3179,E,Estimated value
EI,Emissions intensities,404,Kenya,71761,Emissions intensity,21121,"Meat of chickens, fresh or chilled",2023,2023,kg CO2eq/kg,2.1337,E,Estimated value
EI,Emissions intensities,404,Kenya,71761,Emissions intensity,231,"Hen eggs in shell, fresh",2023,2023,kg CO2eq/kg,1.1394,E,Estimated value
EI,Emissions intensities,404,Kenya,71761,Emissions intensity,21113.01,"Meat of pig with the bone, fresh or chilled",2023,2023,kg CO2eq/kg,5.3751,E,Estimated value
EI,Emissions intensities,296,Kiribati,71761,Emissions intensity,21121,"Meat of chickens, fresh or chilled",2023,2023,kg CO2eq/kg,1.8527,E,Estimated value
EI,Emissions intensities,296,Kiribati,71761,Emissions intensity,231,"Hen eggs in shell, fresh",2023,2023,kg CO2eq/kg,2.0292,E,Estimated value
EI,Emissions intensities,296,Kiribati,71761,Emissions intensity,21113.01,"Meat of pig with the bone, fresh or chilled",2023,2023,kg CO2eq/kg,7.0171,E,Estimated value
EI,Emissions intensities,414,Kuwait,71761,Emissions intensity,F1718,Cereals excluding rice,2023,2023,kg CO2eq/kg,0.1081,E,Estimated value
EI,Emissions intensities,414,Kuwait,71761,Emissions intensity,21111.01,"Meat of cattle with the bone, fresh or chilled",2023,2023,kg CO2eq/kg,13.8746,E,Estimated value
EI,Emissions intensities,414,Kuwait,71761,Emissions intensity,2211,Raw milk of cattle,2023,2023,kg CO2eq/kg,0.2961,E,Estimated value
EI,Emissions intensities,414,Kuwait,71761,Emissions intensity,21116,"Meat of goat, fresh or chilled",2023,2023,kg CO2eq/kg,29.7748,E,Estimated value
EI,Emissions intensities,414,Kuwait,71761,Emissions intensity,2292,Raw milk of goats,2023,2023,kg CO2eq/kg,1.4535,E,Estimated value
EI,Emissions intensities,414,Kuwait,71761,Emissions intensity,21115,"Meat of sheep, fresh or chilled",2023,2023,kg CO2eq/kg,3.033,E,Estimated value
EI,Emissions intensities,414,Kuwait,71761,Emissions intensity,2291,Raw milk of sheep,2023,2023,kg CO2eq/kg,1.0271,E,Estimated value
EI,Emissions intensities,414,Kuwait,71761,Emissions intensity,21121,"Meat of chickens, fresh or chilled",2023,2023,kg CO2eq/kg,3.3226,E,Estimated value
EI,Emissions intensities,414,Kuwait,71761,Emissions intensity,231,"Hen eggs in shell, fresh",2023,2023,kg CO2eq/kg,0.6853,E,Estimated value
EI,Emissions intensities,417,Kyrgyzstan,71761,Emissions intensity,F1718,Cereals excluding rice,2023,2023,kg CO2eq/kg,0.0912,E,Estimated value
EI,Emissions intensities,417,Kyrgyzstan,71761,Emissions intensity,113,Rice,2023,2023,kg CO2eq/kg,2.2023,E,Estimated value
EI,Emissions intensities,417,Kyrgyzstan,71761,Emissions intensity,21111.01,"Meat of cattle with the bone, fresh or chilled",2023,2023,kg CO2eq/kg,12.7391,E,Estimated value
EI,Emissions intensities,417,Kyrgyzstan,71761,Emissions intensity,2211,Raw milk of cattle,2023,2023,kg CO2eq/kg,1.3018,E,Estimated value
EI,Emissions intensities,417,Kyrgyzstan,71761,Emissions intensity,21116,"Meat of goat, fresh or chilled",2023,2023,kg CO2eq/kg,9.5352,E,Estimated value
EI,Emissions intensities,417,Kyrgyzstan,71761,Emissions intensity,2292,Raw milk of goats,2023,2023,kg CO2eq/kg,108.9918,E,Estimated value
EI,Emissions intensities,417,Kyrgyzstan,71761,Emissions intensity,21115,"Meat of sheep, fresh or chilled",2023,2023,kg CO2eq/kg,15.8866,E,Estimated value
EI,Emissions intensities,417,Kyrgyzstan,71761,Emissions intensity,21121,"Meat of chickens, fresh or chilled",2023,2023,kg CO2eq/kg,0,E,Estimated value
EI,Emissions intensities,417,Kyrgyzstan,71761,Emissions intensity,231,"Hen eggs in shell, fresh",2023,2023,kg CO2eq/kg,0.7431,E,Estimated value
EI,Emissions intensities,417,Kyrgyzstan,71761,Emissions intensity,21113.01,"Meat of pig with the bone, fresh or chilled",2023,2023,kg CO2eq/kg,0.5536,E,Estimated value
EI,Emissions intensities,418,Lao People's Democratic Republic,71761,Emissions intensity,F1718,Cereals excluding rice,2023,2023,kg CO2eq/kg,0.0729,E,Estimated value
EI,Emissions intensities,418,Lao People's Democratic Republic,71761,Emissions intensity,113,Rice,2023,2023,kg CO2eq/kg,0.7805,E,Estimated value
EI,Emissions intensities,418,Lao People's Democratic Republic,71761,Emissions intensity,21111.01,"Meat of cattle with the bone, fresh or chilled",2023,2023,kg CO2eq/kg,100.6634,E,Estimated value
EI,Emissions intensities,418,Lao People's Democratic Republic,71761,Emissions intensity,2211,Raw milk of cattle,2023,2023,kg CO2eq/kg,16.498,E,Estimated value
EI,Emissions intensities,418,Lao People's Democratic Republic,71761,Emissions intensity,21116,"Meat of goat, fresh or chilled",2023,2023,kg CO2eq/kg,58.7597,E,Estimated value
EI,Emissions intensities,418,Lao People's Democratic Republic,71761,Emissions intensity,21112,"Meat of buffalo, fresh or chilled",2023,2023,kg CO2eq/kg,114.9641,E,Estimated value
EI,Emissions intensities,418,Lao People's Democratic Republic,71761,Emissions intensity,21121,"Meat of chickens, fresh or chilled",2023,2023,kg CO2eq/kg,4.5037,E,Estimated value
EI,Emissions intensities,418,Lao People's Democratic Republic,71761,Emissions intensity,231,"Hen eggs in shell, fresh",2023,2023,kg CO2eq/kg,0.881,E,Estimated value
EI,Emissions intensities,418,Lao People's Democratic Republic,71761,Emissions intensity,21113.01,"Meat of pig with the bone, fresh or chilled",2023,2023,kg CO2eq/kg,9.3035,E,Estimated value
EI,Emissions intensities,428,Latvia,71761,Emissions intensity,F1718,Cereals excluding rice,2023,2023,kg CO2eq/kg,0.0741,E,Estimated value
EI,Emissions intensities,428,Latvia,71761,Emissions intensity,21111.01,"Meat of cattle with the bone, fresh or chilled",2023,2023,kg CO2eq/kg,30.3514,E,Estimated value
EI,Emissions intensities,428,Latvia,71761,Emissions intensity,2211,Raw milk of cattle,2023,2023,kg CO2eq/kg,0.5781,E,Estimated value
EI,Emissions intensities,428,Latvia,71761,Emissions intensity,21116,"Meat of goat, fresh or chilled",2023,2023,kg CO2eq/kg,14.3777,E,Estimated value
EI,Emissions intensities,428,Latvia,71761,Emissions intensity,2292,Raw milk of goats,2023,2023,kg CO2eq/kg,1.1739,E,Estimated value
EI,Emissions intensities,428,Latvia,71761,Emissions intensity,21115,"Meat of sheep, fresh or chilled",2023,2023,kg CO2eq/kg,31.6631,E,Estimated value
EI,Emissions intensities,428,Latvia,71761,Emissions intensity,21121,"Meat of chickens, fresh or chilled",2023,2023,kg CO2eq/kg,0.2385,E,Estimated value
EI,Emissions intensities,428,Latvia,71761,Emissions intensity,21113.01,"Meat of pig with the bone, fresh or chilled",2023,2023,kg CO2eq/kg,2.5211,E,Estimated value
EI,Emissions intensities,422,Lebanon,71761,Emissions intensity,F1718,Cereals excluding rice,2023,2023,kg CO2eq/kg,0.1386,E,Estimated value
EI,Emissions intensities,422,Lebanon,71761,Emissions intensity,21111.01,"Meat of cattle with the bone, fresh or chilled",2023,2023,kg CO2eq/kg,0.7743,E,Estimated value
EI,Emissions intensities,422,Lebanon,71761,Emissions intensity,2211,Raw milk of cattle,2023,2023,kg CO2eq/kg,0.3664,E,Estimated value
EI,Emissions intensities,422,Lebanon,71761,Emissions intensity,21116,"Meat of goat, fresh or chilled",2023,2023,kg CO2eq/kg,19.1383,E,Estimated value
EI,Emissions intensities,422,Lebanon,71761,Emissions intensity,2292,Raw milk of goats,2023,2023,kg CO2eq/kg,2.316,E,Estimated value
EI,Emissions intensities,422,Lebanon,71761,Emissions intensity,21115,"Meat of sheep, fresh or chilled",2023,2023,kg CO2eq/kg,8.2218,E,Estimated value
EI,Emissions intensities,422,Lebanon,71761,Emissions intensity,2291,Raw milk of sheep,2023,2023,kg CO2eq/kg,2.6273,E,Estimated value
EI,Emissions intensities,422,Lebanon,71761,Emissions intensity,21121,"Meat of chickens, fresh or chilled",2023,2023,kg CO2eq/kg,2.0219,E,Estimated value
EI,Emissions intensities,422,Lebanon,71761,Emissions intensity,231,"Hen eggs in shell, fresh",2023,2023,kg CO2eq/kg,0.3717,E,Estimated value
EI,Emissions intensities,422,Lebanon,71761,Emissions intensity,21113.01,"Meat of pig with the bone, fresh or chilled",2023,2023,kg CO2eq/kg,2.6089,E,Estimated value
EI,Emissions intensities,426,Lesotho,71761,Emissions intensity,F1718,Cereals excluding rice,2023,2023,kg CO2eq/kg,0.2261,E,Estimated value
EI,Emissions intensities,426,Lesotho,71761,Emissions intensity,21111.01,"Meat of cattle with the bone, fresh or chilled",2023,2023,kg CO2eq/kg,279.0372,E,Estimated value
EI,Emissions intensities,426,Lesotho,71761,Emissions intensity,2211,Raw milk of cattle,2023,2023,kg CO2eq/kg,1.34,E,Estimated value
EI,Emissions intensities,426,Lesotho,71761,Emissions intensity,21116,"Meat of goat, fresh or chilled",2023,2023,kg CO2eq/kg,658.4619,E,Estimated value
EI,Emissions intensities,426,Lesotho,71761,Emissions intensity,21115,"Meat of sheep, fresh or chilled",2023,2023,kg CO2eq/kg,540.7126,E,Estimated value
EI,Emissions intensities,426,Lesotho,71761,Emissions intensity,21121,"Meat of chickens, fresh or chilled",2023,2023,kg CO2eq/kg,1.5054,E,Estimated value
EI,Emissions intensities,426,Lesotho,71761,Emissions intensity,231,"Hen eggs in shell, fresh",2023,2023,kg CO2eq/kg,1.0651,E,Estimated value
EI,Emissions intensities,426,Lesotho,71761,Emissions intensity,21113.01,"Meat of pig with the bone, fresh or chilled",2023,2023,kg CO2eq/kg,11.2781,E,Estimated value
EI,Emissions intensities,430,Liberia,71761,Emissions intensity,113,Rice,2023,2023,kg CO2eq/kg,0.4986,E,Estimated value
EI,Emissions intensities,430,Liberia,71761,Emissions intensity,21111.01,"Meat of cattle with the bone, fresh or chilled",2023,2023,kg CO2eq/kg,41.2551,E,Estimated value
EI,Emissions intensities,430,Liberia,71761,Emissions intensity,2211,Raw milk of cattle,2023,2023,kg CO2eq/kg,1.4782,E,Estimated value
EI,Emissions intensities,430,Liberia,71761,Emissions intensity,21116,"Meat of goat, fresh or chilled",2023,2023,kg CO2eq/kg,79.2088,E,Estimated value
EI,Emissions intensities,430,Liberia,71761,Emissions intensity,21115,"Meat of sheep, fresh or chilled",2023,2023,kg CO2eq/kg,68.0893,E,Estimated value
EI,Emissions intensities,430,Liberia,71761,Emissions intensity,21121,"Meat of chickens, fresh or chilled",2023,2023,kg CO2eq/kg,2.0139,E,Estimated value
EI,Emissions intensities,430,Liberia,71761,Emissions intensity,231,"Hen eggs in shell, fresh",2023,2023,kg CO2eq/kg,1.1235,E,Estimated value
EI,Emissions intensities,430,Liberia,71761,Emissions intensity,21113.01,"Meat of pig with the bone, fresh or chilled",2023,2023,kg CO2eq/kg,7.5749,E,Estimated value
EI,Emissions intensities,434,Libya,71761,Emissions intensity,F1718,Cereals excluding rice,2023,2023,kg CO2eq/kg,0.3079,E,Estimated value
EI,Emissions intensities,434,Libya,71761,Emissions intensity,21111.01,"Meat of cattle with the bone, fresh or chilled",2023,2023,kg CO2eq/kg,17.2212,E,Estimated value
EI,Emissions intensities,434,Libya,71761,Emissions intensity,2211,Raw milk of cattle,2023,2023,kg CO2eq/kg,1.6442,E,Estimated value
EI,Emissions intensities,434,Libya,71761,Emissions intensity,21116,"Meat of goat, fresh or chilled",2023,2023,kg CO2eq/kg,43.2683,E,Estimated value
EI,Emissions intensities,434,Libya,71761,Emissions intensity,2292,Raw milk of goats,2023,2023,kg CO2eq/kg,7.4287,E,Estimated value
EI,Emissions intensities,434,Libya,71761,Emissions intensity,21115,"Meat of sheep, fresh or chilled",2023,2023,kg CO2eq/kg,39.888,E,Estimated value
EI,Emissions intensities,434,Libya,71761,Emissions intensity,2291,Raw milk of sheep,2023,2023,kg CO2eq/kg,6.9891,E,Estimated value
EI,Emissions intensities,434,Libya,71761,Emissions intensity,2293,Raw milk of camel,2023,2023,kg CO2eq/kg,7.6387,E,Estimated value
EI,Emissions intensities,434,Libya,71761,Emissions intensity,21121,"Meat of chickens, fresh or chilled",2023,2023,kg CO2eq/kg,0.867,E,Estimated value
EI,Emissions intensities,434,Libya,71761,Emissions intensity,231,"Hen eggs in shell, fresh",2023,2023,kg CO2eq/kg,0.7739,E,Estimated value
EI,Emissions intensities,440,Lithuania,71761,Emissions intensity,F1718,Cereals excluding rice,2023,2023,kg CO2eq/kg,0.1126,E,Estimated value
EI,Emissions intensities,440,Lithuania,71761,Emissions intensity,21111.01,"Meat of cattle with the bone, fresh or chilled",2023,2023,kg CO2eq/kg,19.5887,E,Estimated value
EI,Emissions intensities,440,Lithuania,71761,Emissions intensity,2211,Raw milk of cattle,2023,2023,kg CO2eq/kg,0.6737,E,Estimated value
EI,Emissions intensities,440,Lithuania,71761,Emissions intensity,21116,"Meat of goat, fresh or chilled",2023,2023,kg CO2eq/kg,21.8434,E,Estimated value
EI,Emissions intensities,440,Lithuania,71761,Emissions intensity,2292,Raw milk of goats,2023,2023,kg CO2eq/kg,0.9154,E,Estimated value
EI,Emissions intensities,440,Lithuania,71761,Emissions intensity,21115,"Meat of sheep, fresh or chilled",2023,2023,kg CO2eq/kg,44.4967,E,Estimated value
EI,Emissions intensities,440,Lithuania,71761,Emissions intensity,21121,"Meat of chickens, fresh or chilled",2023,2023,kg CO2eq/kg,0.2507,E,Estimated value
EI,Emissions intensities,440,Lithuania,71761,Emissions intensity,21113.01,"Meat of pig with the bone, fresh or chilled",2023,2023,kg CO2eq/kg,2.1586,E,Estimated value
EI,Emissions intensities,442,Luxembourg,71761,Emissions intensity,F1718,Cereals excluding rice,2023,2023,kg CO2eq/kg,0.2214,E,Estimated value
EI,Emissions intensities,442,Luxembourg,71761,Emissions intensity,21111.01,"Meat of cattle with the bone, fresh or chilled",2023,2023,kg CO2eq/kg,29.329,E,Estimated value
EI,Emissions intensities,442,Luxembourg,71761,Emissions intensity,2211,Raw milk of cattle,2023,2023,kg CO2eq/kg,0.5497,E,Estimated value
EI,Emissions intensities,442,Luxembourg,71761,Emissions intensity,21113.01,"Meat of pig with the bone, fresh or chilled",2023,2023,kg CO2eq/kg,1.6288,E,Estimated value
EI,Emissions intensities,450,Madagascar,71761,Emissions intensity,F1718,Cereals excluding rice,2023,2023,kg CO2eq/kg,0.1019,E,Estimated value
EI,Emissions intensities,450,Madagascar,71761,Emissions intensity,113,Rice,2023,2023,kg CO2eq/kg,2.1096,E,Estimated value
EI,Emissions intensities,450,Madagascar,71761,Emissions intensity,21111.01,"Meat of cattle with the bone, fresh or chilled",2023,2023,kg CO2eq/kg,261.5558,E,Estimated value
EI,Emissions intensities,450,Madagascar,71761,Emissions intensity,2211,Raw milk of cattle,2023,2023,kg CO2eq/kg,6.2421,E,Estimated value
EI,Emissions intensities,450,Madagascar,71761,Emissions intensity,21116,"Meat of goat, fresh or chilled",2023,2023,kg CO2eq/kg,106.4228,E,Estimated value
EI,Emissions intensities,450,Madagascar,71761,Emissions intensity,21115,"Meat of sheep, fresh or chilled",2023,2023,kg CO2eq/kg,138.5464,E,Estimated value
EI,Emissions intensities,450,Madagascar,71761,Emissions intensity,21121,"Meat of chickens, fresh or chilled",2023,2023,kg CO2eq/kg,3.0467,E,Estimated value
EI,Emissions intensities,450,Madagascar,71761,Emissions intensity,231,"Hen eggs in shell, fresh",2023,2023,kg CO2eq/kg,1.2752,E,Estimated value
EI,Emissions intensities,450,Madagascar,71761,Emissions intensity,21113.01,"Meat of pig with the bone, fresh or chilled",2023,2023,kg CO2eq/kg,18.987,E,Estimated value
EI,Emissions intensities,454,Malawi,71761,Emissions intensity,F1718,Cereals excluding rice,2023,2023,kg CO2eq/kg,0.34,E,Estimated value
EI,Emissions intensities,454,Malawi,71761,Emissions intensity,113,Rice,2023,2023,kg CO2eq/kg,2.1262,E,Estimated value
EI,Emissions intensities,454,Malawi,71761,Emissions intensity,21111.01,"Meat of cattle with the bone, fresh or chilled",2023,2023,kg CO2eq/kg,38.1113,E,Estimated value
EI,Emissions intensities,454,Malawi,71761,Emissions intensity,2211,Raw milk of cattle,2023,2023,kg CO2eq/kg,4.2588,E,Estimated value
EI,Emissions intensities,454,Malawi,71761,Emissions intensity,21116,"Meat of goat, fresh or chilled",2023,2023,kg CO2eq/kg,40.0115,E,Estimated value
EI,Emissions intensities,454,Malawi,71761,Emissions intensity,2292,Raw milk of goats,2023,2023,kg CO2eq/kg,3.7841,E,Estimated value
EI,Emissions intensities,454,Malawi,71761,Emissions intensity,21115,"Meat of sheep, fresh or chilled",2023,2023,kg CO2eq/kg,33.5676,E,Estimated value
EI,Emissions intensities,454,Malawi,71761,Emissions intensity,2291,Raw milk of sheep,2023,2023,kg CO2eq/kg,2.8484,E,Estimated value
EI,Emissions intensities,454,Malawi,71761,Emissions intensity,21121,"Meat of chickens, fresh or chilled",2023,2023,kg CO2eq/kg,0.5694,E,Estimated value
EI,Emissions intensities,454,Malawi,71761,Emissions intensity,231,"Hen eggs in shell, fresh",2023,2023,kg CO2eq/kg,1.3077,E,Estimated value
EI,Emissions intensities,454,Malawi,71761,Emissions intensity,21113.01,"Meat of pig with the bone, fresh or chilled",2023,2023,kg CO2eq/kg,6.2933,E,Estimated value
EI,Emissions intensities,458,Malaysia,71761,Emissions intensity,F1718,Cereals excluding rice,2023,2023,kg CO2eq/kg,16.9193,E,Estimated value
EI,Emissions intensities,458,Malaysia,71761,Emissions intensity,113,Rice,2023,2023,kg CO2eq/kg,1.6487,E,Estimated value
EI,Emissions intensities,458,Malaysia,71761,Emissions intensity,21111.01,"Meat of cattle with the bone, fresh or chilled",2023,2023,kg CO2eq/kg,34.3337,E,Estimated value
EI,Emissions intensities,458,Malaysia,71761,Emissions intensity,2211,Raw milk of cattle,2023,2023,kg CO2eq/kg,3.2205,E,Estimated value
EI,Emissions intensities,458,Malaysia,71761,Emissions intensity,21116,"Meat of goat, fresh or chilled",2023,2023,kg CO2eq/kg,30.1008,E,Estimated value
EI,Emissions intensities,458,Malaysia,71761,Emissions intensity,21112,"Meat of buffalo, fresh or chilled",2023,2023,kg CO2eq/kg,48.1424,E,Estimated value
EI,Emissions intensities,458,Malaysia,71761,Emissions intensity,2212,Raw milk of buffalo,2023,2023,kg CO2eq/kg,1.4928,E,Estimated value
EI,Emissions intensities,458,Malaysia,71761,Emissions intensity,21115,"Meat of sheep, fresh or chilled",2023,2023,kg CO2eq/kg,18.1981,E,Estimated value
EI,Emissions intensities,458,Malaysia,71761,Emissions intensity,21121,"Meat of chickens, fresh or chilled",2023,2023,kg CO2eq/kg,0.4927,E,Estimated value
EI,Emissions intensities,458,Malaysia,71761,Emissions intensity,231,"Hen eggs in shell, fresh",2023,2023,kg CO2eq/kg,0.5873,E,Estimated value
EI,Emissions intensities,458,Malaysia,71761,Emissions intensity,21113.01,"Meat of pig with the bone, fresh or chilled",2023,2023,kg CO2eq/kg,2.0248,E,Estimated value
EI,Emissions intensities,462,Maldives,71761,Emissions intensity,F1718,Cereals excluding rice,2023,2023,kg CO2eq/kg,1.7101,E,Estimated value
EI,Emissions intensities,466,Mali,71761,Emissions intensity,F1718,Cereals excluding rice,2023,2023,kg CO2eq/kg,0.0998,E,Estimated value
EI,Emissions intensities,466,Mali,71761,Emissions intensity,113,Rice,2023,2023,kg CO2eq/kg,0.689,E,Estimated value
EI,Emissions intensities,466,Mali,71761,Emissions intensity,21111.01,"Meat of cattle with the bone, fresh or chilled",2023,2023,kg CO2eq/kg,248.6352,E,Estimated value
EI,Emissions intensities,466,Mali,71761,Emissions intensity,2211,Raw milk of cattle,2023,2023,kg CO2eq/kg,13.1532,E,Estimated value
EI,Emissions intensities,466,Mali,71761,Emissions intensity,21116,"Meat of goat, fresh or chilled",2023,2023,kg CO2eq/kg,188.0128,E,Estimated value
EI,Emissions intensities,466,Mali,71761,Emissions intensity,2292,Raw milk of goats,2023,2023,kg CO2eq/kg,19.3179,E,Estimated value
EI,Emissions intensities,466,Mali,71761,Emissions intensity,21115,"Meat of sheep, fresh or chilled",2023,2023,kg CO2eq/kg,188.2442,E,Estimated value
EI,Emissions intensities,466,Mali,71761,Emissions intensity,2291,Raw milk of sheep,2023,2023,kg CO2eq/kg,17.8249,E,Estimated value
EI,Emissions intensities,466,Mali,71761,Emissions intensity,2293,Raw milk of camel,2023,2023,kg CO2eq/kg,2.3861,E,Estimated value
EI,Emissions intensities,466,Mali,71761,Emissions intensity,21121,"Meat of chickens, fresh or chilled",2023,2023,kg CO2eq/kg,3.4273,E,Estimated value
EI,Emissions intensities,466,Mali,71761,Emissions intensity,231,"Hen eggs in shell, fresh",2023,2023,kg CO2eq/kg,1.8237,E,Estimated value
EI,Emissions intensities,466,Mali,71761,Emissions intensity,21113.01,"Meat of pig with the bone, fresh or chilled",2023,2023,kg CO2eq/kg,32.7292,E,Estimated value
EI,Emissions intensities,470,Malta,71761,Emissions intensity,21111.01,"Meat of cattle with the bone, fresh or chilled",2023,2023,kg CO2eq/kg,18.0925,E,Estimated value
EI,Emissions intensities,470,Malta,71761,Emissions intensity,2211,Raw milk of cattle,2023,2023,kg CO2eq/kg,0.8492,E,Estimated value
EI,Emissions intensities,470,Malta,71761,Emissions intensity,21116,"Meat of goat, fresh or chilled",2023,2023,kg CO2eq/kg,15.2853,E,Estimated value
EI,Emissions intensities,470,Malta,71761,Emissions intensity,2292,Raw milk of goats,2023,2023,kg CO2eq/kg,1.2506,E,Estimated value
EI,Emissions intensities,470,Malta,71761,Emissions intensity,21115,"Meat of sheep, fresh or chilled",2023,2023,kg CO2eq/kg,3.1111,E,Estimated value
EI,Emissions intensities,470,Malta,71761,Emissions intensity,2291,Raw milk of sheep,2023,2023,kg CO2eq/kg,1.9993,E,Estimated value
EI,Emissions intensities,470,Malta,71761,Emissions intensity,21113.01,"Meat of pig with the bone, fresh or chilled",2023,2023,kg CO2eq/kg,3.9511,E,Estimated value
EI,Emissions intensities,478,Mauritania,71761,Emissions intensity,F1718,Cereals excluding rice,2023,2023,kg CO2eq/kg,0.1832,E,Estimated value
EI,Emissions intensities,478,Mauritania,71761,Emissions intensity,113,Rice,2023,2023,kg CO2eq/kg,1.5577,E,Estimated value
EI,Emissions intensities,478,Mauritania,71761,Emissions intensity,21111.01,"Meat of cattle with the bone, fresh or chilled",2023,2023,kg CO2eq/kg,63.0766,E,Estimated value
EI,Emissions intensities,478,Mauritania,71761,Emissions intensity,2211,Raw milk of cattle,2023,2023,kg CO2eq/kg,5.3346,E,Estimated value
EI,Emissions intensities,478,Mauritania,71761,Emissions intensity,21116,"Meat of goat, fresh or chilled",2023,2023,kg CO2eq/kg,68.6451,E,Estimated value
EI,Emissions intensities,478,Mauritania,71761,Emissions intensity,2292,Raw milk of goats,2023,2023,kg CO2eq/kg,3.5048,E,Estimated value
EI,Emissions intensities,478,Mauritania,71761,Emissions intensity,21115,"Meat of sheep, fresh or chilled",2023,2023,kg CO2eq/kg,45.0449,E,Estimated value
EI,Emissions intensities,478,Mauritania,71761,Emissions intensity,2291,Raw milk of sheep,2023,2023,kg CO2eq/kg,6.3898,E,Estimated value
EI,Emissions intensities,478,Mauritania,71761,Emissions intensity,2293,Raw milk of camel,2023,2023,kg CO2eq/kg,6.4516,E,Estimated value
EI,Emissions intensities,478,Mauritania,71761,Emissions intensity,21121,"Meat of chickens, fresh or chilled",2023,2023,kg CO2eq/kg,2.5091,E,Estimated value
EI,Emissions intensities,478,Mauritania,71761,Emissions intensity,231,"Hen eggs in shell, fresh",2023,2023,kg CO2eq/kg,1.7965,E,Estimated value
EI,Emissions intensities,480,Mauritius,71761,Emissions intensity,F1718,Cereals excluding rice,2023,2023,kg CO2eq/kg,12.4717,E,Estimated value
EI,Emissions intensities,480,Mauritius,71761,Emissions intensity,21111.01,"Meat of cattle with the bone, fresh or chilled",2023,2023,kg CO2eq/kg,0.2232,E,Estimated value
EI,Emissions intensities,480,Mauritius,71761,Emissions intensity,2211,Raw milk of cattle,2023,2023,kg CO2eq/kg,2.052,E,Estimated value
EI,Emissions intensities,480,Mauritius,71761,Emissions intensity,21116,"Meat of goat, fresh or chilled",2023,2023,kg CO2eq/kg,270.0316,E,Estimated value
EI,Emissions intensities,480,Mauritius,71761,Emissions intensity,21115,"Meat of sheep, fresh or chilled",2023,2023,kg CO2eq/kg,24.6594,E,Estimated value
EI,Emissions intensities,480,Mauritius,71761,Emissions intensity,21121,"Meat of chickens, fresh or chilled",2023,2023,kg CO2eq/kg,1.059,E,Estimated value
EI,Emissions intensities,480,Mauritius,71761,Emissions intensity,231,"Hen eggs in shell, fresh",2023,2023,kg CO2eq/kg,0.5361,E,Estimated value
EI,Emissions intensities,480,Mauritius,71761,Emissions intensity,21113.01,"Meat of pig with the bone, fresh or chilled",2023,2023,kg CO2eq/kg,9.4881,E,Estimated value
EI,Emissions intensities,484,Mexico,71761,Emissions intensity,F1718,Cereals excluding rice,2023,2023,kg CO2eq/kg,0.164,E,Estimated value
EI,Emissions intensities,484,Mexico,71761,Emissions intensity,113,Rice,2023,2023,kg CO2eq/kg,2.9742,E,Estimated value
EI,Emissions intensities,484,Mexico,71761,Emissions intensity,21111.01,"Meat of cattle with the bone, fresh or chilled",2023,2023,kg CO2eq/kg,30.6141,E,Estimated value
EI,Emissions intensities,484,Mexico,71761,Emissions intensity,2211,Raw milk of cattle,2023,2023,kg CO2eq/kg,0.4984,E,Estimated value
EI,Emissions intensities,484,Mexico,71761,Emissions intensity,21116,"Meat of goat, fresh or chilled",2023,2023,kg CO2eq/kg,46.0483,E,Estimated value
EI,Emissions intensities,484,Mexico,71761,Emissions intensity,2292,Raw milk of goats,2023,2023,kg CO2eq/kg,1.0321,E,Estimated value
EI,Emissions intensities,484,Mexico,71761,Emissions intensity,21115,"Meat of sheep, fresh or chilled",2023,2023,kg CO2eq/kg,27.7756,E,Estimated value
EI,Emissions intensities,484,Mexico,71761,Emissions intensity,21121,"Meat of chickens, fresh or chilled",2023,2023,kg CO2eq/kg,0.3923,E,Estimated value
EI,Emissions intensities,484,Mexico,71761,Emissions intensity,231,"Hen eggs in shell, fresh",2023,2023,kg CO2eq/kg,0.3656,E,Estimated value
EI,Emissions intensities,484,Mexico,71761,Emissions intensity,21113.01,"Meat of pig with the bone, fresh or chilled",2023,2023,kg CO2eq/kg,2.3393,E,Estimated value
EI,Emissions intensities,583,Micronesia (Federated States of),71761,Emissions intensity,F1718,Cereals excluding rice,2023,2023,kg CO2eq/kg,0.1909,E,Estimated value
EI,Emissions intensities,583,Micronesia (Federated States of),71761,Emissions intensity,113,Rice,2023,2023,kg CO2eq/kg,3.7552,E,Estimated value
EI,Emissions intensities,583,Micronesia (Federated States of),71761,Emissions intensity,21111.01,"Meat of cattle with the bone, fresh or chilled",2023,2023,kg CO2eq/kg,142.6721,E,Estimated value
EI,Emissions intensities,583,Micronesia (Federated States of),71761,Emissions intensity,21116,"Meat of goat, fresh or chilled",2023,2023,kg CO2eq/kg,87.1119,E,Estimated value
EI,Emissions intensities,583,Micronesia (Federated States of),71761,Emissions intensity,21121,"Meat of chickens, fresh or chilled",2023,2023,kg CO2eq/kg,2.1552,E,Estimated value
EI,Emissions intensities,583,Micronesia (Federated States of),71761,Emissions intensity,231,"Hen eggs in shell, fresh",2023,2023,kg CO2eq/kg,2.386,E,Estimated value
EI,Emissions intensities,583,Micronesia (Federated States of),71761,Emissions intensity,21113.01,"Meat of pig with the bone, fresh or chilled",2023,2023,kg CO2eq/kg,18.1058,E,Estimated value
EI,Emissions intensities,496,Mongolia,71761,Emissions intensity,F1718,Cereals excluding rice,2023,2023,kg CO2eq/kg,0.319,E,Estimated value
EI,Emissions intensities,496,Mongolia,71761,Emissions intensity,21111.01,"Meat of cattle with the bone, fresh or chilled",2023,2023,kg CO2eq/kg,48.3997,E,Estimated value
EI,Emissions intensities,496,Mongolia,71761,Emissions intensity,2211,Raw milk of cattle,2023,2023,kg CO2eq/kg,6.0483,E,Estimated value
EI,Emissions intensities,496,Mongolia,71761,Emissions intensity,21116,"Meat of goat, fresh or chilled",2023,2023,kg CO2eq/kg,46.2438,E,Estimated value
EI,Emissions intensities,496,Mongolia,71761,Emissions intensity,2292,Raw milk of goats,2023,2023,kg CO2eq/kg,10.2295,E,Estimated value
EI,Emissions intensities,496,Mongolia,71761,Emissions intensity,21115,"Meat of sheep, fresh or chilled",2023,2023,kg CO2eq/kg,28.9249,E,Estimated value
EI,Emissions intensities,496,Mongolia,71761,Emissions intensity,2291,Raw milk of sheep,2023,2023,kg CO2eq/kg,16.4978,E,Estimated value
EI,Emissions intensities,496,Mongolia,71761,Emissions intensity,2293,Raw milk of camel,2023,2023,kg CO2eq/kg,8.4981,E,Estimated value
EI,Emissions intensities,496,Mongolia,71761,Emissions intensity,21121,"Meat of chickens, fresh or chilled",2023,2023,kg CO2eq/kg,11.5275,E,Estimated value
EI,Emissions intensities,496,Mongolia,71761,Emissions intensity,231,"Hen eggs in shell, fresh",2023,2023,kg CO2eq/kg,0.4782,E,Estimated value
EI,Emissions intensities,496,Mongolia,71761,Emissions intensity,21113.01,"Meat of pig with the bone, fresh or chilled",2023,2023,kg CO2eq/kg,4.8209,E,Estimated value
EI,Emissions intensities,499,Montenegro,71761,Emissions intensity,F1718,Cereals excluding rice,2023,2023,kg CO2eq/kg,0.6661,E,Estimated value
EI,Emissions intensities,499,Montenegro,71761,Emissions intensity,21111.01,"Meat of cattle with the bone, fresh or chilled",2023,2023,kg CO2eq/kg,13.2493,E,Estimated value
EI,Emissions intensities,499,Montenegro,71761,Emissions intensity,2211,Raw milk of cattle,2023,2023,kg CO2eq/kg,1.4644,E,Estimated value
EI,Emissions intensities,499,Montenegro,71761,Emissions intensity,21116,"Meat of goat, fresh or chilled",2023,2023,kg CO2eq/kg,23.5143,E,Estimated value
EI,Emissions intensities,499,Montenegro,71761,Emissions intensity,2292,Raw milk of goats,2023,2023,kg CO2eq/kg,1.0402,E,Estimated value
EI,Emissions intensities,499,Montenegro,71761,Emissions intensity,21115,"Meat of sheep, fresh or chilled",2023,2023,kg CO2eq/kg,27.2907,E,Estimated value
EI,Emissions intensities,499,Montenegro,71761,Emissions intensity,2291,Raw milk of sheep,2023,2023,kg CO2eq/kg,2.1288,E,Estimated value
EI,Emissions intensities,499,Montenegro,71761,Emissions intensity,21121,"Meat of chickens, fresh or chilled",2023,2023,kg CO2eq/kg,0,E,Estimated value
EI,Emissions intensities,499,Montenegro,71761,Emissions intensity,231,"Hen eggs in shell, fresh",2023,2023,kg CO2eq/kg,1.033,E,Estimated value
EI,Emissions intensities,499,Montenegro,71761,Emissions intensity,21113.01,"Meat of pig with the bone, fresh or chilled",2023,2023,kg CO2eq/kg,1.9577,E,Estimated value
EI,Emissions intensities,504,Morocco,71761,Emissions intensity,F1718,Cereals excluding rice,2023,2023,kg CO2eq/kg,0.1861,E,Estimated value
EI,Emissions intensities,504,Morocco,71761,Emissions intensity,113,Rice,2023,2023,kg CO2eq/kg,3.0888,E,Estimated value
EI,Emissions intensities,504,Morocco,71761,Emissions intensity,21111.01,"Meat of cattle with the bone, fresh or chilled",2023,2023,kg CO2eq/kg,6.5539,E,Estimated value
EI,Emissions intensities,504,Morocco,71761,Emissions intensity,2211,Raw milk of cattle,2023,2023,kg CO2eq/kg,1.5162,E,Estimated value
EI,Emissions intensities,504,Morocco,71761,Emissions intensity,21116,"Meat of goat, fresh or chilled",2023,2023,kg CO2eq/kg,33.1035,E,Estimated value
EI,Emissions intensities,504,Morocco,71761,Emissions intensity,2292,Raw milk of goats,2023,2023,kg CO2eq/kg,8.1075,E,Estimated value
EI,Emissions intensities,504,Morocco,71761,Emissions intensity,21115,"Meat of sheep, fresh or chilled",2023,2023,kg CO2eq/kg,26.2458,E,Estimated value
EI,Emissions intensities,504,Morocco,71761,Emissions intensity,2291,Raw milk of sheep,2023,2023,kg CO2eq/kg,6.159,E,Estimated value
EI,Emissions intensities,504,Morocco,71761,Emissions intensity,2293,Raw milk of camel,2023,2023,kg CO2eq/kg,5.9125,E,Estimated value
EI,Emissions intensities,504,Morocco,71761,Emissions intensity,21121,"Meat of chickens, fresh or chilled",2023,2023,kg CO2eq/kg,1.4702,E,Estimated value
EI,Emissions intensities,504,Morocco,71761,Emissions intensity,231,"Hen eggs in shell, fresh",2023,2023,kg CO2eq/kg,0.3114,E,Estimated value
EI,Emissions intensities,504,Morocco,71761,Emissions intensity,21113.01,"Meat of pig with the bone, fresh or chilled",2023,2023,kg CO2eq/kg,3.2678,E,Estimated value
EI,Emissions intensities,508,Mozambique,71761,Emissions intensity,F1718,Cereals excluding rice,2023,2023,kg CO2eq/kg,0.2714,E,Estimated value
EI,Emissions intensities,508,Mozambique,71761,Emissions intensity,113,Rice,2023,2023,kg CO2eq/kg,4.85,E,Estimated value
EI,Emissions intensities,508,Mozambique,71761,Emissions intensity,21111.01,"Meat of cattle with the bone, fresh or chilled",2023,2023,kg CO2eq/kg,146.7725,E,Estimated value
EI,Emissions intensities,508,Mozambique,71761,Emissions intensity,2211,Raw milk of cattle,2023,2023,kg CO2eq/kg,2.7925,E,Estimated value
EI,Emissions intensities,508,Mozambique,71761,Emissions intensity,21116,"Meat of goat, fresh or chilled",2023,2023,kg CO2eq/kg,274.3374,E,Estimated value
EI,Emissions intensities,508,Mozambique,71761,Emissions intensity,2292,Raw milk of goats,2023,2023,kg CO2eq/kg,2.2774,E,Estimated value
EI,Emissions intensities,508,Mozambique,71761,Emissions intensity,21115,"Meat of sheep, fresh or chilled",2023,2023,kg CO2eq/kg,85.5686,E,Estimated value
EI,Emissions intensities,508,Mozambique,71761,Emissions intensity,21121,"Meat of chickens, fresh or chilled",2023,2023,kg CO2eq/kg,0.4369,E,Estimated value
EI,Emissions intensities,508,Mozambique,71761,Emissions intensity,231,"Hen eggs in shell, fresh",2023,2023,kg CO2eq/kg,1.2662,E,Estimated value
EI,Emissions intensities,508,Mozambique,71761,Emissions intensity,21113.01,"Meat of pig with the bone, fresh or chilled",2023,2023,kg CO2eq/kg,2.8202,E,Estimated value
EI,Emissions intensities,104,Myanmar,71761,Emissions intensity,F1718,Cereals excluding rice,2023,2023,kg CO2eq/kg,0.0729,E,Estimated value
EI,Emissions intensities,104,Myanmar,71761,Emissions intensity,113,Rice,2023,2023,kg CO2eq/kg,1.2008,E,Estimated value
EI,Emissions intensities,104,Myanmar,71761,Emissions intensity,21111.01,"Meat of cattle with the bone, fresh or chilled",2023,2023,kg CO2eq/kg,154.7497,E,Estimated value
EI,Emissions intensities,104,Myanmar,71761,Emissions intensity,2211,Raw milk of cattle,2023,2023,kg CO2eq/kg,4.8259,E,Estimated value
EI,Emissions intensities,104,Myanmar,71761,Emissions intensity,21116,"Meat of goat, fresh or chilled",2023,2023,kg CO2eq/kg,41.7887,E,Estimated value
EI,Emissions intensities,104,Myanmar,71761,Emissions intensity,2292,Raw milk of goats,2023,2023,kg CO2eq/kg,12.6192,E,Estimated value
EI,Emissions intensities,104,Myanmar,71761,Emissions intensity,21112,"Meat of buffalo, fresh or chilled",2023,2023,kg CO2eq/kg,136.3381,E,Estimated value
EI,Emissions intensities,104,Myanmar,71761,Emissions intensity,2212,Raw milk of buffalo,2023,2023,kg CO2eq/kg,4.1618,E,Estimated value
EI,Emissions intensities,104,Myanmar,71761,Emissions intensity,21115,"Meat of sheep, fresh or chilled",2023,2023,kg CO2eq/kg,46.4631,E,Estimated value
EI,Emissions intensities,104,Myanmar,71761,Emissions intensity,2291,Raw milk of sheep,2023,2023,kg CO2eq/kg,9.8776,E,Estimated value
EI,Emissions intensities,104,Myanmar,71761,Emissions intensity,21121,"Meat of chickens, fresh or chilled",2023,2023,kg CO2eq/kg,0.6987,E,Estimated value
EI,Emissions intensities,104,Myanmar,71761,Emissions intensity,231,"Hen eggs in shell, fresh",2023,2023,kg CO2eq/kg,0.9458,E,Estimated value
EI,Emissions intensities,104,Myanmar,71761,Emissions intensity,21113.01,"Meat of pig with the bone, fresh or chilled",2023,2023,kg CO2eq/kg,5.027,E,Estimated value
EI,Emissions intensities,516,Namibia,71761,Emissions intensity,F1718,Cereals excluding rice,2023,2023,kg CO2eq/kg,0.6123,E,Estimated value
EI,Emissions intensities,516,Namibia,71761,Emissions intensity,21111.01,"Meat of cattle with the bone, fresh or chilled",2023,2023,kg CO2eq/kg,103.258,E,Estimated value
EI,Emissions intensities,516,Namibia,71761,Emissions intensity,2211,Raw milk of cattle,2023,2023,kg CO2eq/kg,4.2561,E,Estimated value
EI,Emissions intensities,516,Namibia,71761,Emissions intensity,21116,"Meat of goat, fresh or chilled",2023,2023,kg CO2eq/kg,119.728,E,Estimated value
EI,Emissions intensities,516,Namibia,71761,Emissions intensity,21115,"Meat of sheep, fresh or chilled",2023,2023,kg CO2eq/kg,55.7485,E,Estimated value
EI,Emissions intensities,516,Namibia,71761,Emissions intensity,21121,"Meat of chickens, fresh or chilled",2023,2023,kg CO2eq/kg,1.1834,E,Estimated value
EI,Emissions intensities,516,Namibia,71761,Emissions intensity,231,"Hen eggs in shell, fresh",2023,2023,kg CO2eq/kg,1.8225,E,Estimated value
EI,Emissions intensities,516,Namibia,71761,Emissions intensity,21113.01,"Meat of pig with the bone, fresh or chilled",2023,2023,kg CO2eq/kg,3.8008,E,Estimated value
EI,Emissions intensities,520,Naoero,71761,Emissions intensity,21121,"Meat of chickens, fresh or chilled",2023,2023,kg CO2eq/kg,0.6965,E,Estimated value
EI,Emissions intensities,520,Naoero,71761,Emissions intensity,231,"Hen eggs in shell, fresh",2023,2023,kg CO2eq/kg,0,E,Estimated value
EI,Emissions intensities,520,Naoero,71761,Emissions intensity,21113.01,"Meat of pig with the bone, fresh or chilled",2023,2023,kg CO2eq/kg,20.0619,E,Estimated value
EI,Emissions intensities,524,Nepal,71761,Emissions intensity,F1718,Cereals excluding rice,2023,2023,kg CO2eq/kg,0.0968,E,Estimated value
EI,Emissions intensities,524,Nepal,71761,Emissions intensity,113,Rice,2023,2023,kg CO2eq/kg,0.8193,E,Estimated value
EI,Emissions intensities,524,Nepal,71761,Emissions intensity,2211,Raw milk of cattle,2023,2023,kg CO2eq/kg,1.5586,E,Estimated value
EI,Emissions intensities,524,Nepal,71761,Emissions intensity,21116,"Meat of goat, fresh or chilled",2023,2023,kg CO2eq/kg,36.9829,E,Estimated value
EI,Emissions intensities,524,Nepal,71761,Emissions intensity,2292,Raw milk of goats,2023,2023,kg CO2eq/kg,3.7589,E,Estimated value
EI,Emissions intensities,524,Nepal,71761,Emissions intensity,21112,"Meat of buffalo, fresh or chilled",2023,2023,kg CO2eq/kg,35.9223,E,Estimated value
EI,Emissions intensities,524,Nepal,71761,Emissions intensity,2212,Raw milk of buffalo,2023,2023,kg CO2eq/kg,1.1414,E,Estimated value
EI,Emissions intensities,524,Nepal,71761,Emissions intensity,21115,"Meat of sheep, fresh or chilled",2023,2023,kg CO2eq/kg,33.1583,E,Estimated value
EI,Emissions intensities,524,Nepal,71761,Emissions intensity,2291,Raw milk of sheep,2023,2023,kg CO2eq/kg,3.5388,E,Estimated value
EI,Emissions intensities,524,Nepal,71761,Emissions intensity,21121,"Meat of chickens, fresh or chilled",2023,2023,kg CO2eq/kg,0.91,E,Estimated value
EI,Emissions intensities,524,Nepal,71761,Emissions intensity,231,"Hen eggs in shell, fresh",2023,2023,kg CO2eq/kg,0.8309,E,Estimated value
EI,Emissions intensities,524,Nepal,71761,Emissions intensity,21113.01,"Meat of pig with the bone, fresh or chilled",2023,2023,kg CO2eq/kg,6.2105,E,Estimated value
EI,Emissions intensities,528,Netherlands (Kingdom of the),71761,Emissions intensity,F1718,Cereals excluding rice,2023,2023,kg CO2eq/kg,0.1471,E,Estimated value
EI,Emissions intensities,528,Netherlands (Kingdom of the),71761,Emissions intensity,21111.01,"Meat of cattle with the bone, fresh or chilled",2023,2023,kg CO2eq/kg,10.9455,E,Estimated value
EI,Emissions intensities,528,Netherlands (Kingdom of the),71761,Emissions intensity,2211,Raw milk of cattle,2023,2023,kg CO2eq/kg,0.4939,E,Estimated value
EI,Emissions intensities,528,Netherlands (Kingdom of the),71761,Emissions intensity,21116,"Meat of goat, fresh or chilled",2023,2023,kg CO2eq/kg,3.9569,E,Estimated value
EI,Emissions intensities,528,Netherlands (Kingdom of the),71761,Emissions intensity,2292,Raw milk of goats,2023,2023,kg CO2eq/kg,0.3095,E,Estimated value
EI,Emissions intensities,528,Netherlands (Kingdom of the),71761,Emissions intensity,21115,"Meat of sheep, fresh or chilled",2023,2023,kg CO2eq/kg,11.6843,E,Estimated value
EI,Emissions intensities,528,Netherlands (Kingdom of the),71761,Emissions intensity,21121,"Meat of chickens, fresh or chilled",2023,2023,kg CO2eq/kg,0.2054,E,Estimated value
EI,Emissions intensities,528,Netherlands (Kingdom of the),71761,Emissions intensity,21113.01,"Meat of pig with the bone, fresh or chilled",2023,2023,kg CO2eq/kg,2.0538,E,Estimated value
EI,Emissions intensities,540,New Caledonia,71761,Emissions intensity,F1718,Cereals excluding rice,2023,2023,kg CO2eq/kg,0.6448,E,Estimated value
EI,Emissions intensities,540,New Caledonia,71761,Emissions intensity,21111.01,"Meat of cattle with the bone, fresh or chilled",2023,2023,kg CO2eq/kg,61.097,E,Estimated value
EI,Emissions intensities,540,New Caledonia,71761,Emissions intensity,2211,Raw milk of cattle,2023,2023,kg CO2eq/kg,2.6713,E,Estimated value
EI,Emissions intensities,540,New Caledonia,71761,Emissions intensity,21116,"Meat of goat, fresh or chilled",2023,2023,kg CO2eq/kg,305.3846,E,Estimated value
EI,Emissions intensities,540,New Caledonia,71761,Emissions intensity,21115,"Meat of sheep, fresh or chilled",2023,2023,kg CO2eq/kg,48.7011,E,Estimated value
EI,Emissions intensities,540,New Caledonia,71761,Emissions intensity,21121,"Meat of chickens, fresh or chilled",2023,2023,kg CO2eq/kg,1.5276,E,Estimated value
EI,Emissions intensities,540,New Caledonia,71761,Emissions intensity,231,"Hen eggs in shell, fresh",2023,2023,kg CO2eq/kg,0.3138,E,Estimated value
EI,Emissions intensities,540,New Caledonia,71761,Emissions intensity,21113.01,"Meat of pig with the bone, fresh or chilled",2023,2023,kg CO2eq/kg,5.8634,E,Estimated value
EI,Emissions intensities,554,New Zealand,71761,Emissions intensity,F1718,Cereals excluding rice,2023,2023,kg CO2eq/kg,0.1902,E,Estimated value
EI,Emissions intensities,554,New Zealand,71761,Emissions intensity,21111.01,"Meat of cattle with the bone, fresh or chilled",2023,2023,kg CO2eq/kg,15.3136,E,Estimated value
EI,Emissions intensities,554,New Zealand,71761,Emissions intensity,2211,Raw milk of cattle,2023,2023,kg CO2eq/kg,0.8412,E,Estimated value
EI,Emissions intensities,554,New Zealand,71761,Emissions intensity,21116,"Meat of goat, fresh or chilled",2023,2023,kg CO2eq/kg,16.8215,E,Estimated value
EI,Emissions intensities,554,New Zealand,71761,Emissions intensity,21115,"Meat of sheep, fresh or chilled",2023,2023,kg CO2eq/kg,19.1752,E,Estimated value
EI,Emissions intensities,554,New Zealand,71761,Emissions intensity,21121,"Meat of chickens, fresh or chilled",2023,2023,kg CO2eq/kg,0.3241,E,Estimated value
EI,Emissions intensities,554,New Zealand,71761,Emissions intensity,231,"Hen eggs in shell, fresh",2023,2023,kg CO2eq/kg,0.3342,E,Estimated value
EI,Emissions intensities,554,New Zealand,71761,Emissions intensity,21113.01,"Meat of pig with the bone, fresh or chilled",2023,2023,kg CO2eq/kg,2.614,E,Estimated value
EI,Emissions intensities,558,Nicaragua,71761,Emissions intensity,F1718,Cereals excluding rice,2023,2023,kg CO2eq/kg,0.4647,E,Estimated value
EI,Emissions intensities,558,Nicaragua,71761,Emissions intensity,113,Rice,2023,2023,kg CO2eq/kg,0.2489,E,Estimated value
EI,Emissions intensities,558,Nicaragua,71761,Emissions intensity,21111.01,"Meat of cattle with the bone, fresh or chilled",2023,2023,kg CO2eq/kg,59.6425,E,Estimated value
EI,Emissions intensities,558,Nicaragua,71761,Emissions intensity,2211,Raw milk of cattle,2023,2023,kg CO2eq/kg,1.8698,E,Estimated value
EI,Emissions intensities,558,Nicaragua,71761,Emissions intensity,21116,"Meat of goat, fresh or chilled",2023,2023,kg CO2eq/kg,50.4027,E,Estimated value
EI,Emissions intensities,558,Nicaragua,71761,Emissions intensity,21115,"Meat of sheep, fresh or chilled",2023,2023,kg CO2eq/kg,61.2546,E,Estimated value
EI,Emissions intensities,558,Nicaragua,71761,Emissions intensity,21121,"Meat of chickens, fresh or chilled",2023,2023,kg CO2eq/kg,0.5411,E,Estimated value
EI,Emissions intensities,558,Nicaragua,71761,Emissions intensity,231,"Hen eggs in shell, fresh",2023,2023,kg CO2eq/kg,0.6807,E,Estimated value
EI,Emissions intensities,558,Nicaragua,71761,Emissions intensity,21113.01,"Meat of pig with the bone, fresh or chilled",2023,2023,kg CO2eq/kg,9.8575,E,Estimated value
EI,Emissions intensities,562,Niger,71761,Emissions intensity,F1718,Cereals excluding rice,2023,2023,kg CO2eq/kg,0.0992,E,Estimated value
EI,Emissions intensities,562,Niger,71761,Emissions intensity,113,Rice,2023,2023,kg CO2eq/kg,0.7031,E,Estimated value
EI,Emissions intensities,562,Niger,71761,Emissions intensity,21111.01,"Meat of cattle with the bone, fresh or chilled",2023,2023,kg CO2eq/kg,270.5999,E,Estimated value
EI,Emissions intensities,562,Niger,71761,Emissions intensity,2211,Raw milk of cattle,2023,2023,kg CO2eq/kg,6.0976,E,Estimated value
EI,Emissions intensities,562,Niger,71761,Emissions intensity,21116,"Meat of goat, fresh or chilled",2023,2023,kg CO2eq/kg,112.7408,E,Estimated value
EI,Emissions intensities,562,Niger,71761,Emissions intensity,2292,Raw milk of goats,2023,2023,kg CO2eq/kg,3.9208,E,Estimated value
EI,Emissions intensities,562,Niger,71761,Emissions intensity,21115,"Meat of sheep, fresh or chilled",2023,2023,kg CO2eq/kg,122.8028,E,Estimated value
EI,Emissions intensities,562,Niger,71761,Emissions intensity,2291,Raw milk of sheep,2023,2023,kg CO2eq/kg,5.3994,E,Estimated value
EI,Emissions intensities,562,Niger,71761,Emissions intensity,2293,Raw milk of camel,2023,2023,kg CO2eq/kg,3.6047,E,Estimated value
EI,Emissions intensities,562,Niger,71761,Emissions intensity,21121,"Meat of chickens, fresh or chilled",2023,2023,kg CO2eq/kg,3.407,E,Estimated value
EI,Emissions intensities,562,Niger,71761,Emissions intensity,231,"Hen eggs in shell, fresh",2023,2023,kg CO2eq/kg,2.1111,E,Estimated value
EI,Emissions intensities,562,Niger,71761,Emissions intensity,21113.01,"Meat of pig with the bone, fresh or chilled",2023,2023,kg CO2eq/kg,7.7843,E,Estimated value
EI,Emissions intensities,566,Nigeria,71761,Emissions intensity,F1718,Cereals excluding rice,2023,2023,kg CO2eq/kg,0.1014,E,Estimated value
EI,Emissions intensities,566,Nigeria,71761,Emissions intensity,113,Rice,2023,2023,kg CO2eq/kg,1.6737,E,Estimated value
EI,Emissions intensities,566,Nigeria,71761,Emissions intensity,21111.01,"Meat of cattle with the bone, fresh or chilled",2023,2023,kg CO2eq/kg,75.9368,E,Estimated value
EI,Emissions intensities,566,Nigeria,71761,Emissions intensity,2211,Raw milk of cattle,2023,2023,kg CO2eq/kg,7.9365,E,Estimated value
EI,Emissions intensities,566,Nigeria,71761,Emissions intensity,21116,"Meat of goat, fresh or chilled",2023,2023,kg CO2eq/kg,77.5161,E,Estimated value
EI,Emissions intensities,566,Nigeria,71761,Emissions intensity,21115,"Meat of sheep, fresh or chilled",2023,2023,kg CO2eq/kg,72.481,E,Estimated value
EI,Emissions intensities,566,Nigeria,71761,Emissions intensity,21121,"Meat of chickens, fresh or chilled",2023,2023,kg CO2eq/kg,1.2675,E,Estimated value
EI,Emissions intensities,566,Nigeria,71761,Emissions intensity,231,"Hen eggs in shell, fresh",2023,2023,kg CO2eq/kg,1.0963,E,Estimated value
EI,Emissions intensities,566,Nigeria,71761,Emissions intensity,21113.01,"Meat of pig with the bone, fresh or chilled",2023,2023,kg CO2eq/kg,6.6579,E,Estimated value
EI,Emissions intensities,570,Niue,71761,Emissions intensity,21111.01,"Meat of cattle with the bone, fresh or chilled",2023,2023,kg CO2eq/kg,50.6486,E,Estimated value
EI,Emissions intensities,570,Niue,71761,Emissions intensity,2211,Raw milk of cattle,2023,2023,kg CO2eq/kg,5.2633,E,Estimated value
EI,Emissions intensities,570,Niue,71761,Emissions intensity,21121,"Meat of chickens, fresh or chilled",2023,2023,kg CO2eq/kg,1.3681,E,Estimated value
EI,Emissions intensities,570,Niue,71761,Emissions intensity,231,"Hen eggs in shell, fresh",2023,2023,kg CO2eq/kg,0.1887,E,Estimated value
EI,Emissions intensities,570,Niue,71761,Emissions intensity,21113.01,"Meat of pig with the bone, fresh or chilled",2023,2023,kg CO2eq/kg,16.7511,E,Estimated value
EI,Emissions intensities,807,North Macedonia,71761,Emissions intensity,F1718,Cereals excluding rice,2023,2023,kg CO2eq/kg,0.172,E,Estimated value
EI,Emissions intensities,807,North Macedonia,71761,Emissions intensity,113,Rice,2023,2023,kg CO2eq/kg,1.8914,E,Estimated value
EI,Emissions intensities,807,North Macedonia,71761,Emissions intensity,21111.01,"Meat of cattle with the bone, fresh or chilled",2023,2023,kg CO2eq/kg,37.9239,E,Estimated value
EI,Emissions intensities,807,North Macedonia,71761,Emissions intensity,2211,Raw milk of cattle,2023,2023,kg CO2eq/kg,1.505,E,Estimated value
EI,Emissions intensities,807,North Macedonia,71761,Emissions intensity,2292,Raw milk of goats,2023,2023,kg CO2eq/kg,1.1838,E,Estimated value
EI,Emissions intensities,807,North Macedonia,71761,Emissions intensity,21115,"Meat of sheep, fresh or chilled",2023,2023,kg CO2eq/kg,16.5321,E,Estimated value
EI,Emissions intensities,807,North Macedonia,71761,Emissions intensity,2291,Raw milk of sheep,2023,2023,kg CO2eq/kg,3.9669,E,Estimated value
EI,Emissions intensities,807,North Macedonia,71761,Emissions intensity,21121,"Meat of chickens, fresh or chilled",2023,2023,kg CO2eq/kg,0.7604,E,Estimated value
EI,Emissions intensities,807,North Macedonia,71761,Emissions intensity,231,"Hen eggs in shell, fresh",2023,2023,kg CO2eq/kg,1.4524,E,Estimated value
EI,Emissions intensities,807,North Macedonia,71761,Emissions intensity,21113.01,"Meat of pig with the bone, fresh or chilled",2023,2023,kg CO2eq/kg,4.6415,E,Estimated value
EI,Emissions intensities,578,Norway,71761,Emissions intensity,F1718,Cereals excluding rice,2023,2023,kg CO2eq/kg,0.3029,E,Estimated value
EI,Emissions intensities,578,Norway,71761,Emissions intensity,21111.01,"Meat of cattle with the bone, fresh or chilled",2023,2023,kg CO2eq/kg,16.227,E,Estimated value
EI,Emissions intensities,578,Norway,71761,Emissions intensity,2211,Raw milk of cattle,2023,2023,kg CO2eq/kg,0.6691,E,Estimated value
EI,Emissions intensities,578,Norway,71761,Emissions intensity,21116,"Meat of goat, fresh or chilled",2023,2023,kg CO2eq/kg,28.7318,E,Estimated value
EI,Emissions intensities,578,Norway,71761,Emissions intensity,2292,Raw milk of goats,2023,2023,kg CO2eq/kg,0.4326,E,Estimated value
EI,Emissions intensities,578,Norway,71761,Emissions intensity,21115,"Meat of sheep, fresh or chilled",2023,2023,kg CO2eq/kg,31.6932,E,Estimated value
EI,Emissions intensities,578,Norway,71761,Emissions intensity,21121,"Meat of chickens, fresh or chilled",2023,2023,kg CO2eq/kg,0.3856,E,Estimated value
EI,Emissions intensities,578,Norway,71761,Emissions intensity,231,"Hen eggs in shell, fresh",2023,2023,kg CO2eq/kg,0.6339,E,Estimated value
EI,Emissions intensities,578,Norway,71761,Emissions intensity,21113.01,"Meat of pig with the bone, fresh or chilled",2023,2023,kg CO2eq/kg,1.6169,E,Estimated value
EI,Emissions intensities,512,Oman,71761,Emissions intensity,F1718,Cereals excluding rice,2023,2023,kg CO2eq/kg,0.2427,E,Estimated value
EI,Emissions intensities,512,Oman,71761,Emissions intensity,21111.01,"Meat of cattle with the bone, fresh or chilled",2023,2023,kg CO2eq/kg,27.0521,E,Estimated value
EI,Emissions intensities,512,Oman,71761,Emissions intensity,2211,Raw milk of cattle,2023,2023,kg CO2eq/kg,1.1608,E,Estimated value
EI,Emissions intensities,512,Oman,71761,Emissions intensity,21116,"Meat of goat, fresh or chilled",2023,2023,kg CO2eq/kg,13.5065,E,Estimated value
EI,Emissions intensities,512,Oman,71761,Emissions intensity,2292,Raw milk of goats,2023,2023,kg CO2eq/kg,3.0887,E,Estimated value
EI,Emissions intensities,512,Oman,71761,Emissions intensity,21115,"Meat of sheep, fresh or chilled",2023,2023,kg CO2eq/kg,1.1017,E,Estimated value
EI,Emissions intensities,512,Oman,71761,Emissions intensity,2291,Raw milk of sheep,2023,2023,kg CO2eq/kg,4.6109,E,Estimated value
EI,Emissions intensities,512,Oman,71761,Emissions intensity,21121,"Meat of chickens, fresh or chilled",2023,2023,kg CO2eq/kg,2.0322,E,Estimated value
EI,Emissions intensities,512,Oman,71761,Emissions intensity,231,"Hen eggs in shell, fresh",2023,2023,kg CO2eq/kg,0.2699,E,Estimated value
EI,Emissions intensities,586,Pakistan,71761,Emissions intensity,F1718,Cereals excluding rice,2023,2023,kg CO2eq/kg,0.3195,E,Estimated value
EI,Emissions intensities,586,Pakistan,71761,Emissions intensity,113,Rice,2023,2023,kg CO2eq/kg,1.1249,E,Estimated value
EI,Emissions intensities,586,Pakistan,71761,Emissions intensity,21111.01,"Meat of cattle with the bone, fresh or chilled",2023,2023,kg CO2eq/kg,30.495,E,Estimated value
EI,Emissions intensities,586,Pakistan,71761,Emissions intensity,2211,Raw milk of cattle,2023,2023,kg CO2eq/kg,1.4135,E,Estimated value
EI,Emissions intensities,586,Pakistan,71761,Emissions intensity,21116,"Meat of goat, fresh or chilled",2023,2023,kg CO2eq/kg,33.3496,E,Estimated value
EI,Emissions intensities,586,Pakistan,71761,Emissions intensity,2292,Raw milk of goats,2023,2023,kg CO2eq/kg,1.6573,E,Estimated value
EI,Emissions intensities,586,Pakistan,71761,Emissions intensity,21112,"Meat of buffalo, fresh or chilled",2023,2023,kg CO2eq/kg,43.9623,E,Estimated value
EI,Emissions intensities,586,Pakistan,71761,Emissions intensity,2212,Raw milk of buffalo,2023,2023,kg CO2eq/kg,0.829,E,Estimated value
EI,Emissions intensities,586,Pakistan,71761,Emissions intensity,21115,"Meat of sheep, fresh or chilled",2023,2023,kg CO2eq/kg,27.3212,E,Estimated value
EI,Emissions intensities,586,Pakistan,71761,Emissions intensity,2291,Raw milk of sheep,2023,2023,kg CO2eq/kg,4.3878,E,Estimated value
EI,Emissions intensities,586,Pakistan,71761,Emissions intensity,2293,Raw milk of camel,2023,2023,kg CO2eq/kg,0.6959,E,Estimated value
EI,Emissions intensities,586,Pakistan,71761,Emissions intensity,21121,"Meat of chickens, fresh or chilled",2023,2023,kg CO2eq/kg,3.0751,E,Estimated value
EI,Emissions intensities,586,Pakistan,71761,Emissions intensity,231,"Hen eggs in shell, fresh",2023,2023,kg CO2eq/kg,0.5713,E,Estimated value
EI,Emissions intensities,275,Palestine,71761,Emissions intensity,F1718,Cereals excluding rice,2023,2023,kg CO2eq/kg,0.4229,E,Estimated value
EI,Emissions intensities,275,Palestine,71761,Emissions intensity,21111.01,"Meat of cattle with the bone, fresh or chilled",2023,2023,kg CO2eq/kg,1.7089,E,Estimated value
EI,Emissions intensities,275,Palestine,71761,Emissions intensity,2211,Raw milk of cattle,2023,2023,kg CO2eq/kg,0.4042,E,Estimated value
EI,Emissions intensities,275,Palestine,71761,Emissions intensity,21116,"Meat of goat, fresh or chilled",2023,2023,kg CO2eq/kg,-0.3904,E,Estimated value
EI,Emissions intensities,275,Palestine,71761,Emissions intensity,2292,Raw milk of goats,2023,2023,kg CO2eq/kg,1.4028,E,Estimated value
EI,Emissions intensities,275,Palestine,71761,Emissions intensity,21115,"Meat of sheep, fresh or chilled",2023,2023,kg CO2eq/kg,4.3768,E,Estimated value
EI,Emissions intensities,275,Palestine,71761,Emissions intensity,2291,Raw milk of sheep,2023,2023,kg CO2eq/kg,2.1679,E,Estimated value
EI,Emissions intensities,275,Palestine,71761,Emissions intensity,21121,"Meat of chickens, fresh or chilled",2023,2023,kg CO2eq/kg,0.3693,E,Estimated value
EI,Emissions intensities,275,Palestine,71761,Emissions intensity,231,"Hen eggs in shell, fresh",2023,2023,kg CO2eq/kg,0.4987,E,Estimated value
EI,Emissions intensities,591,Panama,71761,Emissions intensity,F1718,Cereals excluding rice,2023,2023,kg CO2eq/kg,0.6911,E,Estimated value
EI,Emissions intensities,591,Panama,71761,Emissions intensity,113,Rice,2023,2023,kg CO2eq/kg,0.2022,E,Estimated value
EI,Emissions intensities,591,Panama,71761,Emissions intensity,21111.01,"Meat of cattle with the bone, fresh or chilled",2023,2023,kg CO2eq/kg,37.7867,E,Estimated value
EI,Emissions intensities,591,Panama,71761,Emissions intensity,2211,Raw milk of cattle,2023,2023,kg CO2eq/kg,2.1872,E,Estimated value
EI,Emissions intensities,591,Panama,71761,Emissions intensity,21121,"Meat of chickens, fresh or chilled",2023,2023,kg CO2eq/kg,0.446,E,Estimated value
EI,Emissions intensities,591,Panama,71761,Emissions intensity,231,"Hen eggs in shell, fresh",2023,2023,kg CO2eq/kg,0.3563,E,Estimated value
EI,Emissions intensities,591,Panama,71761,Emissions intensity,21113.01,"Meat of pig with the bone, fresh or chilled",2023,2023,kg CO2eq/kg,2.5586,E,Estimated value
EI,Emissions intensities,598,Papua New Guinea,71761,Emissions intensity,F1718,Cereals excluding rice,2023,2023,kg CO2eq/kg,4.4683,E,Estimated value
EI,Emissions intensities,598,Papua New Guinea,71761,Emissions intensity,113,Rice,2023,2023,kg CO2eq/kg,17.7508,E,Estimated value
EI,Emissions intensities,598,Papua New Guinea,71761,Emissions intensity,21111.01,"Meat of cattle with the bone, fresh or chilled",2023,2023,kg CO2eq/kg,77.6358,E,Estimated value
EI,Emissions intensities,598,Papua New Guinea,71761,Emissions intensity,2211,Raw milk of cattle,2023,2023,kg CO2eq/kg,40.133,E,Estimated value
EI,Emissions intensities,598,Papua New Guinea,71761,Emissions intensity,21116,"Meat of goat, fresh or chilled",2023,2023,kg CO2eq/kg,44.3778,E,Estimated value
EI,Emissions intensities,598,Papua New Guinea,71761,Emissions intensity,2292,Raw milk of goats,2023,2023,kg CO2eq/kg,8.1019,E,Estimated value
EI,Emissions intensities,598,Papua New Guinea,71761,Emissions intensity,21115,"Meat of sheep, fresh or chilled",2023,2023,kg CO2eq/kg,47.207,E,Estimated value
EI,Emissions intensities,598,Papua New Guinea,71761,Emissions intensity,21121,"Meat of chickens, fresh or chilled",2023,2023,kg CO2eq/kg,1.5384,E,Estimated value
EI,Emissions intensities,598,Papua New Guinea,71761,Emissions intensity,231,"Hen eggs in shell, fresh",2023,2023,kg CO2eq/kg,1.6075,E,Estimated value
EI,Emissions intensities,598,Papua New Guinea,71761,Emissions intensity,21113.01,"Meat of pig with the bone, fresh or chilled",2023,2023,kg CO2eq/kg,12.6509,E,Estimated value
EI,Emissions intensities,600,Paraguay,71761,Emissions intensity,F1718,Cereals excluding rice,2023,2023,kg CO2eq/kg,0.1139,E,Estimated value
EI,Emissions intensities,600,Paraguay,71761,Emissions intensity,113,Rice,2023,2023,kg CO2eq/kg,0.783,E,Estimated value
EI,Emissions intensities,600,Paraguay,71761,Emissions intensity,21111.01,"Meat of cattle with the bone, fresh or chilled",2023,2023,kg CO2eq/kg,57.5825,E,Estimated value
EI,Emissions intensities,600,Paraguay,71761,Emissions intensity,2211,Raw milk of cattle,2023,2023,kg CO2eq/kg,1.1053,E,Estimated value
EI,Emissions intensities,600,Paraguay,71761,Emissions intensity,21116,"Meat of goat, fresh or chilled",2023,2023,kg CO2eq/kg,30.718,E,Estimated value
EI,Emissions intensities,600,Paraguay,71761,Emissions intensity,21115,"Meat of sheep, fresh or chilled",2023,2023,kg CO2eq/kg,38.2754,E,Estimated value
EI,Emissions intensities,600,Paraguay,71761,Emissions intensity,21121,"Meat of chickens, fresh or chilled",2023,2023,kg CO2eq/kg,0.8021,E,Estimated value
EI,Emissions intensities,600,Paraguay,71761,Emissions intensity,231,"Hen eggs in shell, fresh",2023,2023,kg CO2eq/kg,0.4205,E,Estimated value
EI,Emissions intensities,600,Paraguay,71761,Emissions intensity,21113.01,"Meat of pig with the bone, fresh or chilled",2023,2023,kg CO2eq/kg,4.1631,E,Estimated value
EI,Emissions intensities,604,Peru,71761,Emissions intensity,F1718,Cereals excluding rice,2023,2023,kg CO2eq/kg,0.3142,E,Estimated value
EI,Emissions intensities,604,Peru,71761,Emissions intensity,113,Rice,2023,2023,kg CO2eq/kg,0.9038,E,Estimated value
EI,Emissions intensities,604,Peru,71761,Emissions intensity,21111.01,"Meat of cattle with the bone, fresh or chilled",2023,2023,kg CO2eq/kg,49.7425,E,Estimated value
EI,Emissions intensities,604,Peru,71761,Emissions intensity,2211,Raw milk of cattle,2023,2023,kg CO2eq/kg,1.0699,E,Estimated value
EI,Emissions intensities,604,Peru,71761,Emissions intensity,21116,"Meat of goat, fresh or chilled",2023,2023,kg CO2eq/kg,71.7155,E,Estimated value
EI,Emissions intensities,604,Peru,71761,Emissions intensity,2292,Raw milk of goats,2023,2023,kg CO2eq/kg,2.8948,E,Estimated value
EI,Emissions intensities,604,Peru,71761,Emissions intensity,21115,"Meat of sheep, fresh or chilled",2023,2023,kg CO2eq/kg,72.0562,E,Estimated value
EI,Emissions intensities,604,Peru,71761,Emissions intensity,21121,"Meat of chickens, fresh or chilled",2023,2023,kg CO2eq/kg,0.3461,E,Estimated value
EI,Emissions intensities,604,Peru,71761,Emissions intensity,231,"Hen eggs in shell, fresh",2023,2023,kg CO2eq/kg,0.3005,E,Estimated value
EI,Emissions intensities,604,Peru,71761,Emissions intensity,21113.01,"Meat of pig with the bone, fresh or chilled",2023,2023,kg CO2eq/kg,3.6634,E,Estimated value
EI,Emissions intensities,608,Philippines,71761,Emissions intensity,F1718,Cereals excluding rice,2023,2023,kg CO2eq/kg,0.1944,E,Estimated value
EI,Emissions intensities,608,Philippines,71761,Emissions intensity,113,Rice,2023,2023,kg CO2eq/kg,2.4009,E,Estimated value
EI,Emissions intensities,608,Philippines,71761,Emissions intensity,21111.01,"Meat of cattle with the bone, fresh or chilled",2023,2023,kg CO2eq/kg,39.8997,E,Estimated value
EI,Emissions intensities,608,Philippines,71761,Emissions intensity,2211,Raw milk of cattle,2023,2023,kg CO2eq/kg,1.3374,E,Estimated value
EI,Emissions intensities,608,Philippines,71761,Emissions intensity,21116,"Meat of goat, fresh or chilled",2023,2023,kg CO2eq/kg,31.1313,E,Estimated value
EI,Emissions intensities,608,Philippines,71761,Emissions intensity,21112,"Meat of buffalo, fresh or chilled",2023,2023,kg CO2eq/kg,91.333,E,Estimated value
EI,Emissions intensities,608,Philippines,71761,Emissions intensity,21115,"Meat of sheep, fresh or chilled",2023,2023,kg CO2eq/kg,56.9348,E,Estimated value
EI,Emissions intensities,608,Philippines,71761,Emissions intensity,21121,"Meat of chickens, fresh or chilled",2023,2023,kg CO2eq/kg,0.1446,E,Estimated value
EI,Emissions intensities,608,Philippines,71761,Emissions intensity,231,"Hen eggs in shell, fresh",2023,2023,kg CO2eq/kg,0.9696,E,Estimated value
EI,Emissions intensities,608,Philippines,71761,Emissions intensity,21113.01,"Meat of pig with the bone, fresh or chilled",2023,2023,kg CO2eq/kg,1.8407,E,Estimated value
EI,Emissions intensities,616,Poland,71761,Emissions intensity,F1718,Cereals excluding rice,2023,2023,kg CO2eq/kg,0.1838,E,Estimated value
EI,Emissions intensities,616,Poland,71761,Emissions intensity,21111.01,"Meat of cattle with the bone, fresh or chilled",2023,2023,kg CO2eq/kg,17.1953,E,Estimated value
EI,Emissions intensities,616,Poland,71761,Emissions intensity,2211,Raw milk of cattle,2023,2023,kg CO2eq/kg,0.5264,E,Estimated value
EI,Emissions intensities,616,Poland,71761,Emissions intensity,21116,"Meat of goat, fresh or chilled",2023,2023,kg CO2eq/kg,257.5283,E,Estimated value
EI,Emissions intensities,616,Poland,71761,Emissions intensity,21115,"Meat of sheep, fresh or chilled",2023,2023,kg CO2eq/kg,67.1734,E,Estimated value
EI,Emissions intensities,616,Poland,71761,Emissions intensity,21121,"Meat of chickens, fresh or chilled",2023,2023,kg CO2eq/kg,0.2215,E,Estimated value
EI,Emissions intensities,616,Poland,71761,Emissions intensity,21113.01,"Meat of pig with the bone, fresh or chilled",2023,2023,kg CO2eq/kg,1.1616,E,Estimated value
EI,Emissions intensities,620,Portugal,71761,Emissions intensity,F1718,Cereals excluding rice,2023,2023,kg CO2eq/kg,0.3961,E,Estimated value
EI,Emissions intensities,620,Portugal,71761,Emissions intensity,113,Rice,2023,2023,kg CO2eq/kg,2.6253,E,Estimated value
EI,Emissions intensities,620,Portugal,71761,Emissions intensity,21111.01,"Meat of cattle with the bone, fresh or chilled",2023,2023,kg CO2eq/kg,30.6362,E,Estimated value
EI,Emissions intensities,620,Portugal,71761,Emissions intensity,2211,Raw milk of cattle,2023,2023,kg CO2eq/kg,0.5633,E,Estimated value
EI,Emissions intensities,620,Portugal,71761,Emissions intensity,21116,"Meat of goat, fresh or chilled",2023,2023,kg CO2eq/kg,12.0879,E,Estimated value
EI,Emissions intensities,620,Portugal,71761,Emissions intensity,2292,Raw milk of goats,2023,2023,kg CO2eq/kg,2.529,E,Estimated value
EI,Emissions intensities,620,Portugal,71761,Emissions intensity,21115,"Meat of sheep, fresh or chilled",2023,2023,kg CO2eq/kg,52.1503,E,Estimated value
EI,Emissions intensities,620,Portugal,71761,Emissions intensity,2291,Raw milk of sheep,2023,2023,kg CO2eq/kg,1.1056,E,Estimated value
EI,Emissions intensities,620,Portugal,71761,Emissions intensity,21113.01,"Meat of pig with the bone, fresh or chilled",2023,2023,kg CO2eq/kg,2.3053,E,Estimated value
EI,Emissions intensities,630,Puerto Rico,71761,Emissions intensity,F1718,Cereals excluding rice,2023,2023,kg CO2eq/kg,0.7045,E,Estimated value
EI,Emissions intensities,630,Puerto Rico,71761,Emissions intensity,113,Rice,2023,2023,kg CO2eq/kg,2.1865,E,Estimated value
EI,Emissions intensities,630,Puerto Rico,71761,Emissions intensity,21111.01,"Meat of cattle with the bone, fresh or chilled",2023,2023,kg CO2eq/kg,62.4603,E,Estimated value
EI,Emissions intensities,630,Puerto Rico,71761,Emissions intensity,2211,Raw milk of cattle,2023,2023,kg CO2eq/kg,0.6744,E,Estimated value
EI,Emissions intensities,630,Puerto Rico,71761,Emissions intensity,21116,"Meat of goat, fresh or chilled",2023,2023,kg CO2eq/kg,75.0637,E,Estimated value
EI,Emissions intensities,630,Puerto Rico,71761,Emissions intensity,2292,Raw milk of goats,2023,2023,kg CO2eq/kg,7.9754,E,Estimated value
EI,Emissions intensities,630,Puerto Rico,71761,Emissions intensity,21115,"Meat of sheep, fresh or chilled",2023,2023,kg CO2eq/kg,73.4959,E,Estimated value
EI,Emissions intensities,630,Puerto Rico,71761,Emissions intensity,21121,"Meat of chickens, fresh or chilled",2023,2023,kg CO2eq/kg,0.6536,E,Estimated value
EI,Emissions intensities,630,Puerto Rico,71761,Emissions intensity,231,"Hen eggs in shell, fresh",2023,2023,kg CO2eq/kg,0.5849,E,Estimated value
EI,Emissions intensities,630,Puerto Rico,71761,Emissions intensity,21113.01,"Meat of pig with the bone, fresh or chilled",2023,2023,kg CO2eq/kg,1.1979,E,Estimated value
EI,Emissions intensities,634,Qatar,71761,Emissions intensity,F1718,Cereals excluding rice,2023,2023,kg CO2eq/kg,2.2704,E,Estimated value
EI,Emissions intensities,634,Qatar,71761,Emissions intensity,21111.01,"Meat of cattle with the bone, fresh or chilled",2023,2023,kg CO2eq/kg,139.3049,E,Estimated value
EI,Emissions intensities,634,Qatar,71761,Emissions intensity,2211,Raw milk of cattle,2023,2023,kg CO2eq/kg,1.432,E,Estimated value
EI,Emissions intensities,634,Qatar,71761,Emissions intensity,21116,"Meat of goat, fresh or chilled",2023,2023,kg CO2eq/kg,58.1349,E,Estimated value
EI,Emissions intensities,634,Qatar,71761,Emissions intensity,2292,Raw milk of goats,2023,2023,kg CO2eq/kg,3.0088,E,Estimated value
EI,Emissions intensities,634,Qatar,71761,Emissions intensity,21115,"Meat of sheep, fresh or chilled",2023,2023,kg CO2eq/kg,127.7211,E,Estimated value
EI,Emissions intensities,634,Qatar,71761,Emissions intensity,2291,Raw milk of sheep,2023,2023,kg CO2eq/kg,4.3556,E,Estimated value
EI,Emissions intensities,634,Qatar,71761,Emissions intensity,2293,Raw milk of camel,2023,2023,kg CO2eq/kg,2.617,E,Estimated value
EI,Emissions intensities,634,Qatar,71761,Emissions intensity,21121,"Meat of chickens, fresh or chilled",2023,2023,kg CO2eq/kg,4.2786,E,Estimated value
EI,Emissions intensities,634,Qatar,71761,Emissions intensity,231,"Hen eggs in shell, fresh",2023,2023,kg CO2eq/kg,0.3795,E,Estimated value
EI,Emissions intensities,410,Republic of Korea,71761,Emissions intensity,F1718,Cereals excluding rice,2023,2023,kg CO2eq/kg,0.3773,E,Estimated value
EI,Emissions intensities,410,Republic of Korea,71761,Emissions intensity,113,Rice,2023,2023,kg CO2eq/kg,1.0078,E,Estimated value
EI,Emissions intensities,410,Republic of Korea,71761,Emissions intensity,21111.01,"Meat of cattle with the bone, fresh or chilled",2023,2023,kg CO2eq/kg,19.9542,E,Estimated value
EI,Emissions intensities,410,Republic of Korea,71761,Emissions intensity,2211,Raw milk of cattle,2023,2023,kg CO2eq/kg,0.2594,E,Estimated value
EI,Emissions intensities,410,Republic of Korea,71761,Emissions intensity,21116,"Meat of goat, fresh or chilled",2023,2023,kg CO2eq/kg,30.3756,E,Estimated value
EI,Emissions intensities,410,Republic of Korea,71761,Emissions intensity,2292,Raw milk of goats,2023,2023,kg CO2eq/kg,1.8208,E,Estimated value
EI,Emissions intensities,410,Republic of Korea,71761,Emissions intensity,21115,"Meat of sheep, fresh or chilled",2023,2023,kg CO2eq/kg,55.1955,E,Estimated value
EI,Emissions intensities,410,Republic of Korea,71761,Emissions intensity,21121,"Meat of chickens, fresh or chilled",2023,2023,kg CO2eq/kg,0.3955,E,Estimated value
EI,Emissions intensities,410,Republic of Korea,71761,Emissions intensity,231,"Hen eggs in shell, fresh",2023,2023,kg CO2eq/kg,0.498,E,Estimated value
EI,Emissions intensities,410,Republic of Korea,71761,Emissions intensity,21113.01,"Meat of pig with the bone, fresh or chilled",2023,2023,kg CO2eq/kg,0.9944,E,Estimated value
EI,Emissions intensities,498,Republic of Moldova,71761,Emissions intensity,F1718,Cereals excluding rice,2023,2023,kg CO2eq/kg,0.1548,E,Estimated value
EI,Emissions intensities,498,Republic of Moldova,71761,Emissions intensity,21111.01,"Meat of cattle with the bone, fresh or chilled",2023,2023,kg CO2eq/kg,38.175,E,Estimated value
EI,Emissions intensities,498,Republic of Moldova,71761,Emissions intensity,2211,Raw milk of cattle,2023,2023,kg CO2eq/kg,0.9881,E,Estimated value
EI,Emissions intensities,498,Republic of Moldova,71761,Emissions intensity,2292,Raw milk of goats,2023,2023,kg CO2eq/kg,3.445,E,Estimated value
EI,Emissions intensities,498,Republic of Moldova,71761,Emissions intensity,21115,"Meat of sheep, fresh or chilled",2023,2023,kg CO2eq/kg,66.6185,E,Estimated value
EI,Emissions intensities,498,Republic of Moldova,71761,Emissions intensity,2291,Raw milk of sheep,2023,2023,kg CO2eq/kg,4.7705,E,Estimated value
EI,Emissions intensities,498,Republic of Moldova,71761,Emissions intensity,21121,"Meat of chickens, fresh or chilled",2023,2023,kg CO2eq/kg,3.5812,E,Estimated value
EI,Emissions intensities,498,Republic of Moldova,71761,Emissions intensity,231,"Hen eggs in shell, fresh",2023,2023,kg CO2eq/kg,1.288,E,Estimated value
EI,Emissions intensities,498,Republic of Moldova,71761,Emissions intensity,21113.01,"Meat of pig with the bone, fresh or chilled",2023,2023,kg CO2eq/kg,3.3287,E,Estimated value
EI,Emissions intensities,642,Romania,71761,Emissions intensity,F1718,Cereals excluding rice,2023,2023,kg CO2eq/kg,0.1429,E,Estimated value
EI,Emissions intensities,642,Romania,71761,Emissions intensity,113,Rice,2023,2023,kg CO2eq/kg,29.1964,E,Estimated value
EI,Emissions intensities,642,Romania,71761,Emissions intensity,21111.01,"Meat of cattle with the bone, fresh or chilled",2023,2023,kg CO2eq/kg,21.3595,E,Estimated value
EI,Emissions intensities,642,Romania,71761,Emissions intensity,2211,Raw milk of cattle,2023,2023,kg CO2eq/kg,1.0608,E,Estimated value
EI,Emissions intensities,642,Romania,71761,Emissions intensity,21116,"Meat of goat, fresh or chilled",2023,2023,kg CO2eq/kg,14.7102,E,Estimated value
EI,Emissions intensities,642,Romania,71761,Emissions intensity,2292,Raw milk of goats,2023,2023,kg CO2eq/kg,1.2692,E,Estimated value
EI,Emissions intensities,642,Romania,71761,Emissions intensity,21115,"Meat of sheep, fresh or chilled",2023,2023,kg CO2eq/kg,15.091,E,Estimated value
EI,Emissions intensities,642,Romania,71761,Emissions intensity,2291,Raw milk of sheep,2023,2023,kg CO2eq/kg,5.8098,E,Estimated value
EI,Emissions intensities,642,Romania,71761,Emissions intensity,21121,"Meat of chickens, fresh or chilled",2023,2023,kg CO2eq/kg,0.2712,E,Estimated value
EI,Emissions intensities,642,Romania,71761,Emissions intensity,21113.01,"Meat of pig with the bone, fresh or chilled",2023,2023,kg CO2eq/kg,2.0205,E,Estimated value
EI,Emissions intensities,643,Russian Federation,71761,Emissions intensity,F1718,Cereals excluding rice,2023,2023,kg CO2eq/kg,0.126,E,Estimated value
EI,Emissions intensities,643,Russian Federation,71761,Emissions intensity,113,Rice,2023,2023,kg CO2eq/kg,2.9169,E,Estimated value
EI,Emissions intensities,643,Russian Federation,71761,Emissions intensity,21111.01,"Meat of cattle with the bone, fresh or chilled",2023,2023,kg CO2eq/kg,14.6821,E,Estimated value
EI,Emissions intensities,643,Russian Federation,71761,Emissions intensity,2211,Raw milk of cattle,2023,2023,kg CO2eq/kg,0.6941,E,Estimated value
EI,Emissions intensities,643,Russian Federation,71761,Emissions intensity,21116,"Meat of goat, fresh or chilled",2023,2023,kg CO2eq/kg,14.5822,E,Estimated value
EI,Emissions intensities,643,Russian Federation,71761,Emissions intensity,2292,Raw milk of goats,2023,2023,kg CO2eq/kg,0.7586,E,Estimated value
EI,Emissions intensities,643,Russian Federation,71761,Emissions intensity,21115,"Meat of sheep, fresh or chilled",2023,2023,kg CO2eq/kg,27.3716,E,Estimated value
EI,Emissions intensities,643,Russian Federation,71761,Emissions intensity,2291,Raw milk of sheep,2023,2023,kg CO2eq/kg,201.6554,E,Estimated value
EI,Emissions intensities,643,Russian Federation,71761,Emissions intensity,2293,Raw milk of camel,2023,2023,kg CO2eq/kg,9.8973,E,Estimated value
EI,Emissions intensities,643,Russian Federation,71761,Emissions intensity,21121,"Meat of chickens, fresh or chilled",2023,2023,kg CO2eq/kg,0.2095,E,Estimated value
EI,Emissions intensities,643,Russian Federation,71761,Emissions intensity,231,"Hen eggs in shell, fresh",2023,2023,kg CO2eq/kg,0.9761,E,Estimated value
EI,Emissions intensities,643,Russian Federation,71761,Emissions intensity,21113.01,"Meat of pig with the bone, fresh or chilled",2023,2023,kg CO2eq/kg,1.2353,E,Estimated value
EI,Emissions intensities,646,Rwanda,71761,Emissions intensity,F1718,Cereals excluding rice,2023,2023,kg CO2eq/kg,0.1819,E,Estimated value
EI,Emissions intensities,646,Rwanda,71761,Emissions intensity,113,Rice,2023,2023,kg CO2eq/kg,0.57,E,Estimated value
EI,Emissions intensities,646,Rwanda,71761,Emissions intensity,21111.01,"Meat of cattle with the bone, fresh or chilled",2023,2023,kg CO2eq/kg,36.9827,E,Estimated value
EI,Emissions intensities,646,Rwanda,71761,Emissions intensity,2211,Raw milk of cattle,2023,2023,kg CO2eq/kg,3.6686,E,Estimated value
EI,Emissions intensities,646,Rwanda,71761,Emissions intensity,21116,"Meat of goat, fresh or chilled",2023,2023,kg CO2eq/kg,19.7654,E,Estimated value
EI,Emissions intensities,646,Rwanda,71761,Emissions intensity,2292,Raw milk of goats,2023,2023,kg CO2eq/kg,2.831,E,Estimated value
EI,Emissions intensities,646,Rwanda,71761,Emissions intensity,21115,"Meat of sheep, fresh or chilled",2023,2023,kg CO2eq/kg,20.1291,E,Estimated value
EI,Emissions intensities,646,Rwanda,71761,Emissions intensity,2291,Raw milk of sheep,2023,2023,kg CO2eq/kg,2.7115,E,Estimated value
EI,Emissions intensities,646,Rwanda,71761,Emissions intensity,21121,"Meat of chickens, fresh or chilled",2023,2023,kg CO2eq/kg,0.6828,E,Estimated value
EI,Emissions intensities,646,Rwanda,71761,Emissions intensity,231,"Hen eggs in shell, fresh",2023,2023,kg CO2eq/kg,1.0079,E,Estimated value
EI,Emissions intensities,646,Rwanda,71761,Emissions intensity,21113.01,"Meat of pig with the bone, fresh or chilled",2023,2023,kg CO2eq/kg,19.9454,E,Estimated value
EI,Emissions intensities,659,Saint Kitts and Nevis,71761,Emissions intensity,21111.01,"Meat of cattle with the bone, fresh or chilled",2023,2023,kg CO2eq/kg,52.1396,E,Estimated value
EI,Emissions intensities,659,Saint Kitts and Nevis,71761,Emissions intensity,21116,"Meat of goat, fresh or chilled",2023,2023,kg CO2eq/kg,203.8545,E,Estimated value
EI,Emissions intensities,659,Saint Kitts and Nevis,71761,Emissions intensity,21115,"Meat of sheep, fresh or chilled",2023,2023,kg CO2eq/kg,177.3187,E,Estimated value
EI,Emissions intensities,659,Saint Kitts and Nevis,71761,Emissions intensity,21121,"Meat of chickens, fresh or chilled",2023,2023,kg CO2eq/kg,1.366,E,Estimated value
EI,Emissions intensities,659,Saint Kitts and Nevis,71761,Emissions intensity,231,"Hen eggs in shell, fresh",2023,2023,kg CO2eq/kg,1.1722,E,Estimated value
EI,Emissions intensities,659,Saint Kitts and Nevis,71761,Emissions intensity,21113.01,"Meat of pig with the bone, fresh or chilled",2023,2023,kg CO2eq/kg,13.6796,E,Estimated value
EI,Emissions intensities,662,Saint Lucia,71761,Emissions intensity,21111.01,"Meat of cattle with the bone, fresh or chilled",2023,2023,kg CO2eq/kg,47.9844,E,Estimated value
EI,Emissions intensities,662,Saint Lucia,71761,Emissions intensity,2211,Raw milk of cattle,2023,2023,kg CO2eq/kg,1.8222,E,Estimated value
EI,Emissions intensities,662,Saint Lucia,71761,Emissions intensity,21116,"Meat of goat, fresh or chilled",2023,2023,kg CO2eq/kg,54.0534,E,Estimated value
EI,Emissions intensities,662,Saint Lucia,71761,Emissions intensity,21115,"Meat of sheep, fresh or chilled",2023,2023,kg CO2eq/kg,19.9481,E,Estimated value
EI,Emissions intensities,662,Saint Lucia,71761,Emissions intensity,21121,"Meat of chickens, fresh or chilled",2023,2023,kg CO2eq/kg,1.1137,E,Estimated value
EI,Emissions intensities,662,Saint Lucia,71761,Emissions intensity,231,"Hen eggs in shell, fresh",2023,2023,kg CO2eq/kg,0.4653,E,Estimated value
EI,Emissions intensities,662,Saint Lucia,71761,Emissions intensity,21113.01,"Meat of pig with the bone, fresh or chilled",2023,2023,kg CO2eq/kg,2.5638,E,Estimated value
EI,Emissions intensities,670,Saint Vincent and the Grenadines,71761,Emissions intensity,F1718,Cereals excluding rice,2023,2023,kg CO2eq/kg,0.0689,E,Estimated value
EI,Emissions intensities,670,Saint Vincent and the Grenadines,71761,Emissions intensity,21111.01,"Meat of cattle with the bone, fresh or chilled",2023,2023,kg CO2eq/kg,15.723,E,Estimated value
EI,Emissions intensities,670,Saint Vincent and the Grenadines,71761,Emissions intensity,2211,Raw milk of cattle,2023,2023,kg CO2eq/kg,1.8033,E,Estimated value
EI,Emissions intensities,670,Saint Vincent and the Grenadines,71761,Emissions intensity,21116,"Meat of goat, fresh or chilled",2023,2023,kg CO2eq/kg,93.3037,E,Estimated value
EI,Emissions intensities,670,Saint Vincent and the Grenadines,71761,Emissions intensity,21115,"Meat of sheep, fresh or chilled",2023,2023,kg CO2eq/kg,36.3255,E,Estimated value
EI,Emissions intensities,670,Saint Vincent and the Grenadines,71761,Emissions intensity,21121,"Meat of chickens, fresh or chilled",2023,2023,kg CO2eq/kg,3.7778,E,Estimated value
EI,Emissions intensities,670,Saint Vincent and the Grenadines,71761,Emissions intensity,231,"Hen eggs in shell, fresh",2023,2023,kg CO2eq/kg,0.4401,E,Estimated value
EI,Emissions intensities,670,Saint Vincent and the Grenadines,71761,Emissions intensity,21113.01,"Meat of pig with the bone, fresh or chilled",2023,2023,kg CO2eq/kg,3.4096,E,Estimated value
EI,Emissions intensities,882,Samoa,71761,Emissions intensity,21111.01,"Meat of cattle with the bone, fresh or chilled",2023,2023,kg CO2eq/kg,66.3851,E,Estimated value
EI,Emissions intensities,882,Samoa,71761,Emissions intensity,2211,Raw milk of cattle,2023,2023,kg CO2eq/kg,4.0863,E,Estimated value
EI,Emissions intensities,882,Samoa,71761,Emissions intensity,21121,"Meat of chickens, fresh or chilled",2023,2023,kg CO2eq/kg,3.22,E,Estimated value
EI,Emissions intensities,882,Samoa,71761,Emissions intensity,231,"Hen eggs in shell, fresh",2023,2023,kg CO2eq/kg,0.9259,E,Estimated value
EI,Emissions intensities,882,Samoa,71761,Emissions intensity,21113.01,"Meat of pig with the bone, fresh or chilled",2023,2023,kg CO2eq/kg,33.0341,E,Estimated value
EI,Emissions intensities,678,Sao Tome and Principe,71761,Emissions intensity,F1718,Cereals excluding rice,2023,2023,kg CO2eq/kg,0.6114,E,Estimated value
EI,Emissions intensities,678,Sao Tome and Principe,71761,Emissions intensity,21111.01,"Meat of cattle with the bone, fresh or chilled",2023,2023,kg CO2eq/kg,3.546,E,Estimated value
EI,Emissions intensities,678,Sao Tome and Principe,71761,Emissions intensity,2211,Raw milk of cattle,2023,2023,kg CO2eq/kg,1.3951,E,Estimated value
EI,Emissions intensities,678,Sao Tome and Principe,71761,Emissions intensity,21116,"Meat of goat, fresh or chilled",2023,2023,kg CO2eq/kg,122.1894,E,Estimated value
EI,Emissions intensities,678,Sao Tome and Principe,71761,Emissions intensity,21115,"Meat of sheep, fresh or chilled",2023,2023,kg CO2eq/kg,215.7227,E,Estimated value
EI,Emissions intensities,678,Sao Tome and Principe,71761,Emissions intensity,21121,"Meat of chickens, fresh or chilled",2023,2023,kg CO2eq/kg,1.2483,E,Estimated value
EI,Emissions intensities,678,Sao Tome and Principe,71761,Emissions intensity,231,"Hen eggs in shell, fresh",2023,2023,kg CO2eq/kg,1.7106,E,Estimated value
EI,Emissions intensities,678,Sao Tome and Principe,71761,Emissions intensity,21113.01,"Meat of pig with the bone, fresh or chilled",2023,2023,kg CO2eq/kg,14.9345,E,Estimated value
EI,Emissions intensities,682,Saudi Arabia,71761,Emissions intensity,F1718,Cereals excluding rice,2023,2023,kg CO2eq/kg,0.4948,E,Estimated value
EI,Emissions intensities,682,Saudi Arabia,71761,Emissions intensity,113,Rice,2023,2023,kg CO2eq/kg,3.3091,E,Estimated value
EI,Emissions intensities,682,Saudi Arabia,71761,Emissions intensity,21111.01,"Meat of cattle with the bone, fresh or chilled",2023,2023,kg CO2eq/kg,14.6447,E,Estimated value
EI,Emissions intensities,682,Saudi Arabia,71761,Emissions intensity,2211,Raw milk of cattle,2023,2023,kg CO2eq/kg,0.1491,E,Estimated value
EI,Emissions intensities,682,Saudi Arabia,71761,Emissions intensity,21116,"Meat of goat, fresh or chilled",2023,2023,kg CO2eq/kg,25.9724,E,Estimated value
EI,Emissions intensities,682,Saudi Arabia,71761,Emissions intensity,2292,Raw milk of goats,2023,2023,kg CO2eq/kg,5.1448,E,Estimated value
EI,Emissions intensities,682,Saudi Arabia,71761,Emissions intensity,21115,"Meat of sheep, fresh or chilled",2023,2023,kg CO2eq/kg,22.2753,E,Estimated value
EI,Emissions intensities,682,Saudi Arabia,71761,Emissions intensity,2291,Raw milk of sheep,2023,2023,kg CO2eq/kg,7.445,E,Estimated value
EI,Emissions intensities,682,Saudi Arabia,71761,Emissions intensity,2293,Raw milk of camel,2023,2023,kg CO2eq/kg,3.1717,E,Estimated value
EI,Emissions intensities,682,Saudi Arabia,71761,Emissions intensity,21121,"Meat of chickens, fresh or chilled",2023,2023,kg CO2eq/kg,0.6334,E,Estimated value
EI,Emissions intensities,682,Saudi Arabia,71761,Emissions intensity,231,"Hen eggs in shell, fresh",2023,2023,kg CO2eq/kg,0.4996,E,Estimated value
EI,Emissions intensities,686,Senegal,71761,Emissions intensity,F1718,Cereals excluding rice,2023,2023,kg CO2eq/kg,0.0721,E,Estimated value
EI,Emissions intensities,686,Senegal,71761,Emissions intensity,113,Rice,2023,2023,kg CO2eq/kg,0.5976,E,Estimated value
EI,Emissions intensities,686,Senegal,71761,Emissions intensity,21111.01,"Meat of cattle with the bone, fresh or chilled",2023,2023,kg CO2eq/kg,46.2668,E,Estimated value
EI,Emissions intensities,686,Senegal,71761,Emissions intensity,2211,Raw milk of cattle,2023,2023,kg CO2eq/kg,5.9948,E,Estimated value
EI,Emissions intensities,686,Senegal,71761,Emissions intensity,21116,"Meat of goat, fresh or chilled",2023,2023,kg CO2eq/kg,72.8199,E,Estimated value
EI,Emissions intensities,686,Senegal,71761,Emissions intensity,2292,Raw milk of goats,2023,2023,kg CO2eq/kg,12.9287,E,Estimated value
EI,Emissions intensities,686,Senegal,71761,Emissions intensity,21115,"Meat of sheep, fresh or chilled",2023,2023,kg CO2eq/kg,36.7474,E,Estimated value
EI,Emissions intensities,686,Senegal,71761,Emissions intensity,2291,Raw milk of sheep,2023,2023,kg CO2eq/kg,16.2158,E,Estimated value
EI,Emissions intensities,686,Senegal,71761,Emissions intensity,2293,Raw milk of camel,2023,2023,kg CO2eq/kg,4.6768,E,Estimated value
EI,Emissions intensities,686,Senegal,71761,Emissions intensity,21121,"Meat of chickens, fresh or chilled",2023,2023,kg CO2eq/kg,2.5226,E,Estimated value
EI,Emissions intensities,686,Senegal,71761,Emissions intensity,231,"Hen eggs in shell, fresh",2023,2023,kg CO2eq/kg,0.9246,E,Estimated value
EI,Emissions intensities,686,Senegal,71761,Emissions intensity,21113.01,"Meat of pig with the bone, fresh or chilled",2023,2023,kg CO2eq/kg,6.876,E,Estimated value
EI,Emissions intensities,688,Serbia,71761,Emissions intensity,F1718,Cereals excluding rice,2023,2023,kg CO2eq/kg,0.1279,E,Estimated value
EI,Emissions intensities,688,Serbia,71761,Emissions intensity,21111.01,"Meat of cattle with the bone, fresh or chilled",2023,2023,kg CO2eq/kg,10.8505,E,Estimated value
EI,Emissions intensities,688,Serbia,71761,Emissions intensity,2211,Raw milk of cattle,2023,2023,kg CO2eq/kg,1.2007,E,Estimated value
EI,Emissions intensities,688,Serbia,71761,Emissions intensity,21116,"Meat of goat, fresh or chilled",2023,2023,kg CO2eq/kg,5.4141,E,Estimated value
EI,Emissions intensities,688,Serbia,71761,Emissions intensity,2292,Raw milk of goats,2023,2023,kg CO2eq/kg,1.03,E,Estimated value
EI,Emissions intensities,688,Serbia,71761,Emissions intensity,21115,"Meat of sheep, fresh or chilled",2023,2023,kg CO2eq/kg,17.7824,E,Estimated value
EI,Emissions intensities,688,Serbia,71761,Emissions intensity,2291,Raw milk of sheep,2023,2023,kg CO2eq/kg,1.9667,E,Estimated value
EI,Emissions intensities,688,Serbia,71761,Emissions intensity,21121,"Meat of chickens, fresh or chilled",2023,2023,kg CO2eq/kg,0.17,E,Estimated value
EI,Emissions intensities,688,Serbia,71761,Emissions intensity,231,"Hen eggs in shell, fresh",2023,2023,kg CO2eq/kg,1.0395,E,Estimated value
EI,Emissions intensities,688,Serbia,71761,Emissions intensity,21113.01,"Meat of pig with the bone, fresh or chilled",2023,2023,kg CO2eq/kg,2.1052,E,Estimated value
EI,Emissions intensities,690,Seychelles,71761,Emissions intensity,21111.01,"Meat of cattle with the bone, fresh or chilled",2023,2023,kg CO2eq/kg,30.3226,E,Estimated value
EI,Emissions intensities,690,Seychelles,71761,Emissions intensity,2211,Raw milk of cattle,2023,2023,kg CO2eq/kg,3.0415,E,Estimated value
EI,Emissions intensities,690,Seychelles,71761,Emissions intensity,21116,"Meat of goat, fresh or chilled",2023,2023,kg CO2eq/kg,60.6505,E,Estimated value
EI,Emissions intensities,690,Seychelles,71761,Emissions intensity,21121,"Meat of chickens, fresh or chilled",2023,2023,kg CO2eq/kg,0.443,E,Estimated value
EI,Emissions intensities,690,Seychelles,71761,Emissions intensity,231,"Hen eggs in shell, fresh",2023,2023,kg CO2eq/kg,0.45,E,Estimated value
EI,Emissions intensities,690,Seychelles,71761,Emissions intensity,21113.01,"Meat of pig with the bone, fresh or chilled",2023,2023,kg CO2eq/kg,2.5981,E,Estimated value
EI,Emissions intensities,694,Sierra Leone,71761,Emissions intensity,F1718,Cereals excluding rice,2023,2023,kg CO2eq/kg,0.1286,E,Estimated value
EI,Emissions intensities,694,Sierra Leone,71761,Emissions intensity,113,Rice,2023,2023,kg CO2eq/kg,1.3429,E,Estimated value
EI,Emissions intensities,694,Sierra Leone,71761,Emissions intensity,21111.01,"Meat of cattle with the bone, fresh or chilled",2023,2023,kg CO2eq/kg,64.177,E,Estimated value
EI,Emissions intensities,694,Sierra Leone,71761,Emissions intensity,2211,Raw milk of cattle,2023,2023,kg CO2eq/kg,1.4502,E,Estimated value
EI,Emissions intensities,694,Sierra Leone,71761,Emissions intensity,21116,"Meat of goat, fresh or chilled",2023,2023,kg CO2eq/kg,107.9477,E,Estimated value
EI,Emissions intensities,694,Sierra Leone,71761,Emissions intensity,21115,"Meat of sheep, fresh or chilled",2023,2023,kg CO2eq/kg,105.1638,E,Estimated value
EI,Emissions intensities,694,Sierra Leone,71761,Emissions intensity,21121,"Meat of chickens, fresh or chilled",2023,2023,kg CO2eq/kg,3.6679,E,Estimated value
EI,Emissions intensities,694,Sierra Leone,71761,Emissions intensity,231,"Hen eggs in shell, fresh",2023,2023,kg CO2eq/kg,2.5113,E,Estimated value
EI,Emissions intensities,694,Sierra Leone,71761,Emissions intensity,21113.01,"Meat of pig with the bone, fresh or chilled",2023,2023,kg CO2eq/kg,35.3155,E,Estimated value
EI,Emissions intensities,702,Singapore,71761,Emissions intensity,21111.01,"Meat of cattle with the bone, fresh or chilled",2023,2023,kg CO2eq/kg,7.5849,E,Estimated value
EI,Emissions intensities,702,Singapore,71761,Emissions intensity,21116,"Meat of goat, fresh or chilled",2023,2023,kg CO2eq/kg,18.922,E,Estimated value
EI,Emissions intensities,702,Singapore,71761,Emissions intensity,21121,"Meat of chickens, fresh or chilled",2023,2023,kg CO2eq/kg,0,E,Estimated value
EI,Emissions intensities,702,Singapore,71761,Emissions intensity,231,"Hen eggs in shell, fresh",2023,2023,kg CO2eq/kg,0.3739,E,Estimated value
EI,Emissions intensities,703,Slovakia,71761,Emissions intensity,F1718,Cereals excluding rice,2023,2023,kg CO2eq/kg,0.16,E,Estimated value
EI,Emissions intensities,703,Slovakia,71761,Emissions intensity,21111.01,"Meat of cattle with the bone, fresh or chilled",2023,2023,kg CO2eq/kg,67.0999,E,Estimated value
EI,Emissions intensities,703,Slovakia,71761,Emissions intensity,2211,Raw milk of cattle,2023,2023,kg CO2eq/kg,0.4569,E,Estimated value
EI,Emissions intensities,703,Slovakia,71761,Emissions intensity,21115,"Meat of sheep, fresh or chilled",2023,2023,kg CO2eq/kg,209.7113,E,Estimated value
EI,Emissions intensities,703,Slovakia,71761,Emissions intensity,21113.01,"Meat of pig with the bone, fresh or chilled",2023,2023,kg CO2eq/kg,1.588,E,Estimated value
EI,Emissions intensities,705,Slovenia,71761,Emissions intensity,F1718,Cereals excluding rice,2023,2023,kg CO2eq/kg,0.1787,E,Estimated value
EI,Emissions intensities,705,Slovenia,71761,Emissions intensity,21111.01,"Meat of cattle with the bone, fresh or chilled",2023,2023,kg CO2eq/kg,23.7762,E,Estimated value
EI,Emissions intensities,705,Slovenia,71761,Emissions intensity,2211,Raw milk of cattle,2023,2023,kg CO2eq/kg,0.731,E,Estimated value
EI,Emissions intensities,705,Slovenia,71761,Emissions intensity,21116,"Meat of goat, fresh or chilled",2023,2023,kg CO2eq/kg,16.7597,E,Estimated value
EI,Emissions intensities,705,Slovenia,71761,Emissions intensity,2292,Raw milk of goats,2023,2023,kg CO2eq/kg,0.6254,E,Estimated value
EI,Emissions intensities,705,Slovenia,71761,Emissions intensity,21115,"Meat of sheep, fresh or chilled",2023,2023,kg CO2eq/kg,25.3912,E,Estimated value
EI,Emissions intensities,705,Slovenia,71761,Emissions intensity,2291,Raw milk of sheep,2023,2023,kg CO2eq/kg,2.0588,E,Estimated value
EI,Emissions intensities,705,Slovenia,71761,Emissions intensity,21121,"Meat of chickens, fresh or chilled",2023,2023,kg CO2eq/kg,0.1147,E,Estimated value
EI,Emissions intensities,705,Slovenia,71761,Emissions intensity,21113.01,"Meat of pig with the bone, fresh or chilled",2023,2023,kg CO2eq/kg,2.4506,E,Estimated value
EI,Emissions intensities,90,Solomon Islands,71761,Emissions intensity,113,Rice,2023,2023,kg CO2eq/kg,3.5792,E,Estimated value
EI,Emissions intensities,90,Solomon Islands,71761,Emissions intensity,21111.01,"Meat of cattle with the bone, fresh or chilled",2023,2023,kg CO2eq/kg,40.0066,E,Estimated value
EI,Emissions intensities,90,Solomon Islands,71761,Emissions intensity,2211,Raw milk of cattle,2023,2023,kg CO2eq/kg,3.0266,E,Estimated value
EI,Emissions intensities,90,Solomon Islands,71761,Emissions intensity,21121,"Meat of chickens, fresh or chilled",2023,2023,kg CO2eq/kg,1.3416,E,Estimated value
EI,Emissions intensities,90,Solomon Islands,71761,Emissions intensity,231,"Hen eggs in shell, fresh",2023,2023,kg CO2eq/kg,1.072,E,Estimated value
EI,Emissions intensities,90,Solomon Islands,71761,Emissions intensity,21113.01,"Meat of pig with the bone, fresh or chilled",2023,2023,kg CO2eq/kg,10.6013,E,Estimated value
EI,Emissions intensities,706,Somalia,71761,Emissions intensity,F1718,Cereals excluding rice,2023,2023,kg CO2eq/kg,0.1905,E,Estimated value
EI,Emissions intensities,706,Somalia,71761,Emissions intensity,113,Rice,2023,2023,kg CO2eq/kg,2.1141,E,Estimated value
EI,Emissions intensities,706,Somalia,71761,Emissions intensity,21111.01,"Meat of cattle with the bone, fresh or chilled",2023,2023,kg CO2eq/kg,83.3156,E,Estimated value
EI,Emissions intensities,706,Somalia,71761,Emissions intensity,2211,Raw milk of cattle,2023,2023,kg CO2eq/kg,4.8491,E,Estimated value
EI,Emissions intensities,706,Somalia,71761,Emissions intensity,21116,"Meat of goat, fresh or chilled",2023,2023,kg CO2eq/kg,30.9949,E,Estimated value
EI,Emissions intensities,706,Somalia,71761,Emissions intensity,2292,Raw milk of goats,2023,2023,kg CO2eq/kg,3.9436,E,Estimated value
EI,Emissions intensities,706,Somalia,71761,Emissions intensity,21115,"Meat of sheep, fresh or chilled",2023,2023,kg CO2eq/kg,26.3028,E,Estimated value
EI,Emissions intensities,706,Somalia,71761,Emissions intensity,2291,Raw milk of sheep,2023,2023,kg CO2eq/kg,3.2508,E,Estimated value
EI,Emissions intensities,706,Somalia,71761,Emissions intensity,2293,Raw milk of camel,2023,2023,kg CO2eq/kg,3.9625,E,Estimated value
EI,Emissions intensities,706,Somalia,71761,Emissions intensity,21121,"Meat of chickens, fresh or chilled",2023,2023,kg CO2eq/kg,3.0593,E,Estimated value
EI,Emissions intensities,706,Somalia,71761,Emissions intensity,231,"Hen eggs in shell, fresh",2023,2023,kg CO2eq/kg,1.7823,E,Estimated value
EI,Emissions intensities,706,Somalia,71761,Emissions intensity,21113.01,"Meat of pig with the bone, fresh or chilled",2023,2023,kg CO2eq/kg,9.7516,E,Estimated value
EI,Emissions intensities,710,South Africa,71761,Emissions intensity,F1718,Cereals excluding rice,2023,2023,kg CO2eq/kg,0.1407,E,Estimated value
EI,Emissions intensities,710,South Africa,71761,Emissions intensity,113,Rice,2023,2023,kg CO2eq/kg,50.9928,E,Estimated value
EI,Emissions intensities,710,South Africa,71761,Emissions intensity,21111.01,"Meat of cattle with the bone, fresh or chilled",2023,2023,kg CO2eq/kg,14.0044,E,Estimated value
EI,Emissions intensities,710,South Africa,71761,Emissions intensity,2211,Raw milk of cattle,2023,2023,kg CO2eq/kg,0.4936,E,Estimated value
EI,Emissions intensities,710,South Africa,71761,Emissions intensity,21116,"Meat of goat, fresh or chilled",2023,2023,kg CO2eq/kg,98.3134,E,Estimated value
EI,Emissions intensities,710,South Africa,71761,Emissions intensity,21115,"Meat of sheep, fresh or chilled",2023,2023,kg CO2eq/kg,33.166,E,Estimated value
EI,Emissions intensities,710,South Africa,71761,Emissions intensity,21121,"Meat of chickens, fresh or chilled",2023,2023,kg CO2eq/kg,0.2776,E,Estimated value
EI,Emissions intensities,710,South Africa,71761,Emissions intensity,231,"Hen eggs in shell, fresh",2023,2023,kg CO2eq/kg,0.4367,E,Estimated value
EI,Emissions intensities,710,South Africa,71761,Emissions intensity,21113.01,"Meat of pig with the bone, fresh or chilled",2023,2023,kg CO2eq/kg,0.9583,E,Estimated value
EI,Emissions intensities,728,South Sudan,71761,Emissions intensity,F1718,Cereals excluding rice,2023,2023,kg CO2eq/kg,0.0981,E,Estimated value
EI,Emissions intensities,728,South Sudan,71761,Emissions intensity,113,Rice,2023,2023,kg CO2eq/kg,3.7736,E,Estimated value
EI,Emissions intensities,728,South Sudan,71761,Emissions intensity,21111.01,"Meat of cattle with the bone, fresh or chilled",2023,2023,kg CO2eq/kg,49.7627,E,Estimated value
EI,Emissions intensities,728,South Sudan,71761,Emissions intensity,2211,Raw milk of cattle,2023,2023,kg CO2eq/kg,5.6363,E,Estimated value
EI,Emissions intensities,728,South Sudan,71761,Emissions intensity,21116,"Meat of goat, fresh or chilled",2023,2023,kg CO2eq/kg,80.9561,E,Estimated value
EI,Emissions intensities,728,South Sudan,71761,Emissions intensity,2292,Raw milk of goats,2023,2023,kg CO2eq/kg,3.6461,E,Estimated value
EI,Emissions intensities,728,South Sudan,71761,Emissions intensity,21115,"Meat of sheep, fresh or chilled",2023,2023,kg CO2eq/kg,128.7126,E,Estimated value
EI,Emissions intensities,728,South Sudan,71761,Emissions intensity,2291,Raw milk of sheep,2023,2023,kg CO2eq/kg,10.1208,E,Estimated value
EI,Emissions intensities,728,South Sudan,71761,Emissions intensity,21121,"Meat of chickens, fresh or chilled",2023,2023,kg CO2eq/kg,1.8941,E,Estimated value
EI,Emissions intensities,724,Spain,71761,Emissions intensity,F1718,Cereals excluding rice,2023,2023,kg CO2eq/kg,0.2902,E,Estimated value
EI,Emissions intensities,724,Spain,71761,Emissions intensity,113,Rice,2023,2023,kg CO2eq/kg,4.0516,E,Estimated value
EI,Emissions intensities,724,Spain,71761,Emissions intensity,21111.01,"Meat of cattle with the bone, fresh or chilled",2023,2023,kg CO2eq/kg,17.7235,E,Estimated value
EI,Emissions intensities,724,Spain,71761,Emissions intensity,2211,Raw milk of cattle,2023,2023,kg CO2eq/kg,0.5037,E,Estimated value
EI,Emissions intensities,724,Spain,71761,Emissions intensity,21116,"Meat of goat, fresh or chilled",2023,2023,kg CO2eq/kg,16.4366,E,Estimated value
EI,Emissions intensities,724,Spain,71761,Emissions intensity,2292,Raw milk of goats,2023,2023,kg CO2eq/kg,0.8951,E,Estimated value
EI,Emissions intensities,724,Spain,71761,Emissions intensity,21115,"Meat of sheep, fresh or chilled",2023,2023,kg CO2eq/kg,35.7852,E,Estimated value
EI,Emissions intensities,724,Spain,71761,Emissions intensity,2291,Raw milk of sheep,2023,2023,kg CO2eq/kg,1.2344,E,Estimated value
EI,Emissions intensities,724,Spain,71761,Emissions intensity,21113.01,"Meat of pig with the bone, fresh or chilled",2023,2023,kg CO2eq/kg,2.2579,E,Estimated value
EI,Emissions intensities,144,Sri Lanka,71761,Emissions intensity,F1718,Cereals excluding rice,2023,2023,kg CO2eq/kg,0.8249,E,Estimated value
EI,Emissions intensities,144,Sri Lanka,71761,Emissions intensity,113,Rice,2023,2023,kg CO2eq/kg,0.9355,E,Estimated value
EI,Emissions intensities,144,Sri Lanka,71761,Emissions intensity,21111.01,"Meat of cattle with the bone, fresh or chilled",2023,2023,kg CO2eq/kg,36.8756,E,Estimated value
EI,Emissions intensities,144,Sri Lanka,71761,Emissions intensity,2211,Raw milk of cattle,2023,2023,kg CO2eq/kg,1.6922,E,Estimated value
EI,Emissions intensities,144,Sri Lanka,71761,Emissions intensity,21116,"Meat of goat, fresh or chilled",2023,2023,kg CO2eq/kg,17.5465,E,Estimated value
EI,Emissions intensities,144,Sri Lanka,71761,Emissions intensity,2292,Raw milk of goats,2023,2023,kg CO2eq/kg,2.1805,E,Estimated value
EI,Emissions intensities,144,Sri Lanka,71761,Emissions intensity,21112,"Meat of buffalo, fresh or chilled",2023,2023,kg CO2eq/kg,50.6348,E,Estimated value
EI,Emissions intensities,144,Sri Lanka,71761,Emissions intensity,2212,Raw milk of buffalo,2023,2023,kg CO2eq/kg,2.1673,E,Estimated value
EI,Emissions intensities,144,Sri Lanka,71761,Emissions intensity,21121,"Meat of chickens, fresh or chilled",2023,2023,kg CO2eq/kg,0.1953,E,Estimated value
EI,Emissions intensities,144,Sri Lanka,71761,Emissions intensity,231,"Hen eggs in shell, fresh",2023,2023,kg CO2eq/kg,0.3442,E,Estimated value
EI,Emissions intensities,144,Sri Lanka,71761,Emissions intensity,21113.01,"Meat of pig with the bone, fresh or chilled",2023,2023,kg CO2eq/kg,26.0871,E,Estimated value
EI,Emissions intensities,729,Sudan,71761,Emissions intensity,F1718,Cereals excluding rice,2023,2023,kg CO2eq/kg,0.2066,E,Estimated value
EI,Emissions intensities,729,Sudan,71761,Emissions intensity,113,Rice,2023,2023,kg CO2eq/kg,3.7442,E,Estimated value
EI,Emissions intensities,729,Sudan,71761,Emissions intensity,21111.01,"Meat of cattle with the bone, fresh or chilled",2023,2023,kg CO2eq/kg,79.0883,E,Estimated value
EI,Emissions intensities,729,Sudan,71761,Emissions intensity,2211,Raw milk of cattle,2023,2023,kg CO2eq/kg,5.1418,E,Estimated value
EI,Emissions intensities,729,Sudan,71761,Emissions intensity,21116,"Meat of goat, fresh or chilled",2023,2023,kg CO2eq/kg,27.4696,E,Estimated value
EI,Emissions intensities,729,Sudan,71761,Emissions intensity,2292,Raw milk of goats,2023,2023,kg CO2eq/kg,3.8369,E,Estimated value
EI,Emissions intensities,729,Sudan,71761,Emissions intensity,21115,"Meat of sheep, fresh or chilled",2023,2023,kg CO2eq/kg,14.3707,E,Estimated value
EI,Emissions intensities,729,Sudan,71761,Emissions intensity,2291,Raw milk of sheep,2023,2023,kg CO2eq/kg,12.0682,E,Estimated value
EI,Emissions intensities,729,Sudan,71761,Emissions intensity,2293,Raw milk of camel,2023,2023,kg CO2eq/kg,43.3451,E,Estimated value
EI,Emissions intensities,729,Sudan,71761,Emissions intensity,21121,"Meat of chickens, fresh or chilled",2023,2023,kg CO2eq/kg,1.822,E,Estimated value
EI,Emissions intensities,729,Sudan,71761,Emissions intensity,231,"Hen eggs in shell, fresh",2023,2023,kg CO2eq/kg,0.7803,E,Estimated value
EI,Emissions intensities,740,Suriname,71761,Emissions intensity,F1718,Cereals excluding rice,2023,2023,kg CO2eq/kg,1069.5023,E,Estimated value
EI,Emissions intensities,740,Suriname,71761,Emissions intensity,113,Rice,2023,2023,kg CO2eq/kg,2.0297,E,Estimated value
EI,Emissions intensities,740,Suriname,71761,Emissions intensity,21111.01,"Meat of cattle with the bone, fresh or chilled",2023,2023,kg CO2eq/kg,37.44,E,Estimated value
EI,Emissions intensities,740,Suriname,71761,Emissions intensity,2211,Raw milk of cattle,2023,2023,kg CO2eq/kg,0.9241,E,Estimated value
EI,Emissions intensities,740,Suriname,71761,Emissions intensity,21116,"Meat of goat, fresh or chilled",2023,2023,kg CO2eq/kg,147.2012,E,Estimated value
EI,Emissions intensities,740,Suriname,71761,Emissions intensity,21115,"Meat of sheep, fresh or chilled",2023,2023,kg CO2eq/kg,117.3625,E,Estimated value
EI,Emissions intensities,740,Suriname,71761,Emissions intensity,21121,"Meat of chickens, fresh or chilled",2023,2023,kg CO2eq/kg,1.6364,E,Estimated value
EI,Emissions intensities,740,Suriname,71761,Emissions intensity,231,"Hen eggs in shell, fresh",2023,2023,kg CO2eq/kg,1.3309,E,Estimated value
EI,Emissions intensities,740,Suriname,71761,Emissions intensity,21113.01,"Meat of pig with the bone, fresh or chilled",2023,2023,kg CO2eq/kg,3.6924,E,Estimated value
EI,Emissions intensities,752,Sweden,71761,Emissions intensity,F1718,Cereals excluding rice,2023,2023,kg CO2eq/kg,0.2045,E,Estimated value
EI,Emissions intensities,752,Sweden,71761,Emissions intensity,21111.01,"Meat of cattle with the bone, fresh or chilled",2023,2023,kg CO2eq/kg,16.9303,E,Estimated value
EI,Emissions intensities,752,Sweden,71761,Emissions intensity,2211,Raw milk of cattle,2023,2023,kg CO2eq/kg,0.4791,E,Estimated value
EI,Emissions intensities,752,Sweden,71761,Emissions intensity,21115,"Meat of sheep, fresh or chilled",2023,2023,kg CO2eq/kg,21.3948,E,Estimated value
EI,Emissions intensities,752,Sweden,71761,Emissions intensity,21113.01,"Meat of pig with the bone, fresh or chilled",2023,2023,kg CO2eq/kg,1.5706,E,Estimated value
EI,Emissions intensities,756,Switzerland,71761,Emissions intensity,F1718,Cereals excluding rice,2023,2023,kg CO2eq/kg,0.2118,E,Estimated value
EI,Emissions intensities,756,Switzerland,71761,Emissions intensity,21111.01,"Meat of cattle with the bone, fresh or chilled",2023,2023,kg CO2eq/kg,15.2874,E,Estimated value
EI,Emissions intensities,756,Switzerland,71761,Emissions intensity,2211,Raw milk of cattle,2023,2023,kg CO2eq/kg,0.6551,E,Estimated value
EI,Emissions intensities,756,Switzerland,71761,Emissions intensity,21116,"Meat of goat, fresh or chilled",2023,2023,kg CO2eq/kg,22.2397,E,Estimated value
EI,Emissions intensities,756,Switzerland,71761,Emissions intensity,2292,Raw milk of goats,2023,2023,kg CO2eq/kg,0.3996,E,Estimated value
EI,Emissions intensities,756,Switzerland,71761,Emissions intensity,21115,"Meat of sheep, fresh or chilled",2023,2023,kg CO2eq/kg,21.8263,E,Estimated value
EI,Emissions intensities,756,Switzerland,71761,Emissions intensity,2291,Raw milk of sheep,2023,2023,kg CO2eq/kg,0.721,E,Estimated value
EI,Emissions intensities,756,Switzerland,71761,Emissions intensity,21121,"Meat of chickens, fresh or chilled",2023,2023,kg CO2eq/kg,0.2991,E,Estimated value
EI,Emissions intensities,756,Switzerland,71761,Emissions intensity,231,"Hen eggs in shell, fresh",2023,2023,kg CO2eq/kg,0.5776,E,Estimated value
EI,Emissions intensities,756,Switzerland,71761,Emissions intensity,21113.01,"Meat of pig with the bone, fresh or chilled",2023,2023,kg CO2eq/kg,1.748,E,Estimated value
EI,Emissions intensities,760,Syrian Arab Republic,71761,Emissions intensity,F1718,Cereals excluding rice,2023,2023,kg CO2eq/kg,0.133,E,Estimated value
EI,Emissions intensities,760,Syrian Arab Republic,71761,Emissions intensity,21111.01,"Meat of cattle with the bone, fresh or chilled",2023,2023,kg CO2eq/kg,11.9201,E,Estimated value
EI,Emissions intensities,760,Syrian Arab Republic,71761,Emissions intensity,2211,Raw milk of cattle,2023,2023,kg CO2eq/kg,0.7898,E,Estimated value
EI,Emissions intensities,760,Syrian Arab Republic,71761,Emissions intensity,21116,"Meat of goat, fresh or chilled",2023,2023,kg CO2eq/kg,13.9797,E,Estimated value
EI,Emissions intensities,760,Syrian Arab Republic,71761,Emissions intensity,2292,Raw milk of goats,2023,2023,kg CO2eq/kg,2.6725,E,Estimated value
EI,Emissions intensities,760,Syrian Arab Republic,71761,Emissions intensity,21112,"Meat of buffalo, fresh or chilled",2023,2023,kg CO2eq/kg,26.9102,E,Estimated value
EI,Emissions intensities,760,Syrian Arab Republic,71761,Emissions intensity,2212,Raw milk of buffalo,2023,2023,kg CO2eq/kg,1.2965,E,Estimated value
EI,Emissions intensities,760,Syrian Arab Republic,71761,Emissions intensity,21115,"Meat of sheep, fresh or chilled",2023,2023,kg CO2eq/kg,6.5849,E,Estimated value
EI,Emissions intensities,760,Syrian Arab Republic,71761,Emissions intensity,2291,Raw milk of sheep,2023,2023,kg CO2eq/kg,3.6292,E,Estimated value
EI,Emissions intensities,760,Syrian Arab Republic,71761,Emissions intensity,21121,"Meat of chickens, fresh or chilled",2023,2023,kg CO2eq/kg,0.2083,E,Estimated value
EI,Emissions intensities,760,Syrian Arab Republic,71761,Emissions intensity,231,"Hen eggs in shell, fresh",2023,2023,kg CO2eq/kg,0.5809,E,Estimated value
EI,Emissions intensities,762,Tajikistan,71761,Emissions intensity,F1718,Cereals excluding rice,2023,2023,kg CO2eq/kg,0.1704,E,Estimated value
EI,Emissions intensities,762,Tajikistan,71761,Emissions intensity,113,Rice,2023,2023,kg CO2eq/kg,1.3283,E,Estimated value
EI,Emissions intensities,762,Tajikistan,71761,Emissions intensity,21111.01,"Meat of cattle with the bone, fresh or chilled",2023,2023,kg CO2eq/kg,10.2959,E,Estimated value
EI,Emissions intensities,762,Tajikistan,71761,Emissions intensity,2211,Raw milk of cattle,2023,2023,kg CO2eq/kg,2.7031,E,Estimated value
EI,Emissions intensities,762,Tajikistan,71761,Emissions intensity,2292,Raw milk of goats,2023,2023,kg CO2eq/kg,0.9351,E,Estimated value
EI,Emissions intensities,762,Tajikistan,71761,Emissions intensity,21115,"Meat of sheep, fresh or chilled",2023,2023,kg CO2eq/kg,12.5101,E,Estimated value
EI,Emissions intensities,762,Tajikistan,71761,Emissions intensity,21121,"Meat of chickens, fresh or chilled",2023,2023,kg CO2eq/kg,1.2873,E,Estimated value
EI,Emissions intensities,762,Tajikistan,71761,Emissions intensity,231,"Hen eggs in shell, fresh",2023,2023,kg CO2eq/kg,0.3362,E,Estimated value
EI,Emissions intensities,762,Tajikistan,71761,Emissions intensity,21113.01,"Meat of pig with the bone, fresh or chilled",2023,2023,kg CO2eq/kg,2.4779,E,Estimated value
EI,Emissions intensities,764,Thailand,71761,Emissions intensity,F1718,Cereals excluding rice,2023,2023,kg CO2eq/kg,0.2584,E,Estimated value
EI,Emissions intensities,764,Thailand,71761,Emissions intensity,113,Rice,2023,2023,kg CO2eq/kg,1.9005,E,Estimated value
EI,Emissions intensities,764,Thailand,71761,Emissions intensity,21111.01,"Meat of cattle with the bone, fresh or chilled",2023,2023,kg CO2eq/kg,57.1351,E,Estimated value
EI,Emissions intensities,764,Thailand,71761,Emissions intensity,2211,Raw milk of cattle,2023,2023,kg CO2eq/kg,0.6706,E,Estimated value
EI,Emissions intensities,764,Thailand,71761,Emissions intensity,21116,"Meat of goat, fresh or chilled",2023,2023,kg CO2eq/kg,59.8746,E,Estimated value
EI,Emissions intensities,764,Thailand,71761,Emissions intensity,21112,"Meat of buffalo, fresh or chilled",2023,2023,kg CO2eq/kg,96.9835,E,Estimated value
EI,Emissions intensities,764,Thailand,71761,Emissions intensity,21115,"Meat of sheep, fresh or chilled",2023,2023,kg CO2eq/kg,59.5676,E,Estimated value
EI,Emissions intensities,764,Thailand,71761,Emissions intensity,21121,"Meat of chickens, fresh or chilled",2023,2023,kg CO2eq/kg,0.3929,E,Estimated value
EI,Emissions intensities,764,Thailand,71761,Emissions intensity,231,"Hen eggs in shell, fresh",2023,2023,kg CO2eq/kg,0.7075,E,Estimated value
EI,Emissions intensities,764,Thailand,71761,Emissions intensity,21113.01,"Meat of pig with the bone, fresh or chilled",2023,2023,kg CO2eq/kg,2.1205,E,Estimated value
EI,Emissions intensities,626,Timor-Leste,71761,Emissions intensity,F1718,Cereals excluding rice,2023,2023,kg CO2eq/kg,0.0938,E,Estimated value
EI,Emissions intensities,626,Timor-Leste,71761,Emissions intensity,113,Rice,2023,2023,kg CO2eq/kg,2.5032,E,Estimated value
EI,Emissions intensities,626,Timor-Leste,71761,Emissions intensity,21111.01,"Meat of cattle with the bone, fresh or chilled",2023,2023,kg CO2eq/kg,305.8072,E,Estimated value
EI,Emissions intensities,626,Timor-Leste,71761,Emissions intensity,21116,"Meat of goat, fresh or chilled",2023,2023,kg CO2eq/kg,66.7497,E,Estimated value
EI,Emissions intensities,626,Timor-Leste,71761,Emissions intensity,2292,Raw milk of goats,2023,2023,kg CO2eq/kg,1.6998,E,Estimated value
EI,Emissions intensities,626,Timor-Leste,71761,Emissions intensity,21112,"Meat of buffalo, fresh or chilled",2023,2023,kg CO2eq/kg,399.2765,E,Estimated value
EI,Emissions intensities,626,Timor-Leste,71761,Emissions intensity,21115,"Meat of sheep, fresh or chilled",2023,2023,kg CO2eq/kg,126.4681,E,Estimated value
EI,Emissions intensities,626,Timor-Leste,71761,Emissions intensity,21121,"Meat of chickens, fresh or chilled",2023,2023,kg CO2eq/kg,3.5863,E,Estimated value
EI,Emissions intensities,626,Timor-Leste,71761,Emissions intensity,231,"Hen eggs in shell, fresh",2023,2023,kg CO2eq/kg,0.6905,E,Estimated value
EI,Emissions intensities,626,Timor-Leste,71761,Emissions intensity,21113.01,"Meat of pig with the bone, fresh or chilled",2023,2023,kg CO2eq/kg,8.2951,E,Estimated value
EI,Emissions intensities,768,Togo,71761,Emissions intensity,F1718,Cereals excluding rice,2023,2023,kg CO2eq/kg,0.1569,E,Estimated value
EI,Emissions intensities,768,Togo,71761,Emissions intensity,113,Rice,2023,2023,kg CO2eq/kg,0.3594,E,Estimated value
EI,Emissions intensities,768,Togo,71761,Emissions intensity,21111.01,"Meat of cattle with the bone, fresh or chilled",2023,2023,kg CO2eq/kg,99.9179,E,Estimated value
EI,Emissions intensities,768,Togo,71761,Emissions intensity,2211,Raw milk of cattle,2023,2023,kg CO2eq/kg,9.7601,E,Estimated value
EI,Emissions intensities,768,Togo,71761,Emissions intensity,21116,"Meat of goat, fresh or chilled",2023,2023,kg CO2eq/kg,277.7756,E,Estimated value
EI,Emissions intensities,768,Togo,71761,Emissions intensity,21115,"Meat of sheep, fresh or chilled",2023,2023,kg CO2eq/kg,45.4407,E,Estimated value
EI,Emissions intensities,768,Togo,71761,Emissions intensity,21121,"Meat of chickens, fresh or chilled",2023,2023,kg CO2eq/kg,3.903,E,Estimated value
EI,Emissions intensities,768,Togo,71761,Emissions intensity,231,"Hen eggs in shell, fresh",2023,2023,kg CO2eq/kg,0.9664,E,Estimated value
EI,Emissions intensities,768,Togo,71761,Emissions intensity,21113.01,"Meat of pig with the bone, fresh or chilled",2023,2023,kg CO2eq/kg,20.4547,E,Estimated value
EI,Emissions intensities,772,Tokelau,71761,Emissions intensity,21121,"Meat of chickens, fresh or chilled",2023,2023,kg CO2eq/kg,0.5773,E,Estimated value
EI,Emissions intensities,772,Tokelau,71761,Emissions intensity,231,"Hen eggs in shell, fresh",2023,2023,kg CO2eq/kg,0,E,Estimated value
EI,Emissions intensities,772,Tokelau,71761,Emissions intensity,21113.01,"Meat of pig with the bone, fresh or chilled",2023,2023,kg CO2eq/kg,25.4242,E,Estimated value
EI,Emissions intensities,776,Tonga,71761,Emissions intensity,21111.01,"Meat of cattle with the bone, fresh or chilled",2023,2023,kg CO2eq/kg,80.6357,E,Estimated value
EI,Emissions intensities,776,Tonga,71761,Emissions intensity,2211,Raw milk of cattle,2023,2023,kg CO2eq/kg,2.5558,E,Estimated value
EI,Emissions intensities,776,Tonga,71761,Emissions intensity,21116,"Meat of goat, fresh or chilled",2023,2023,kg CO2eq/kg,119.403,E,Estimated value
EI,Emissions intensities,776,Tonga,71761,Emissions intensity,21121,"Meat of chickens, fresh or chilled",2023,2023,kg CO2eq/kg,3.307,E,Estimated value
EI,Emissions intensities,776,Tonga,71761,Emissions intensity,231,"Hen eggs in shell, fresh",2023,2023,kg CO2eq/kg,2.4781,E,Estimated value
EI,Emissions intensities,776,Tonga,71761,Emissions intensity,21113.01,"Meat of pig with the bone, fresh or chilled",2023,2023,kg CO2eq/kg,23.152,E,Estimated value
EI,Emissions intensities,780,Trinidad and Tobago,71761,Emissions intensity,F1718,Cereals excluding rice,2023,2023,kg CO2eq/kg,0.1366,E,Estimated value
EI,Emissions intensities,780,Trinidad and Tobago,71761,Emissions intensity,113,Rice,2023,2023,kg CO2eq/kg,7.7204,E,Estimated value
EI,Emissions intensities,780,Trinidad and Tobago,71761,Emissions intensity,21111.01,"Meat of cattle with the bone, fresh or chilled",2023,2023,kg CO2eq/kg,55.7366,E,Estimated value
EI,Emissions intensities,780,Trinidad and Tobago,71761,Emissions intensity,2211,Raw milk of cattle,2023,2023,kg CO2eq/kg,12.7144,E,Estimated value
EI,Emissions intensities,780,Trinidad and Tobago,71761,Emissions intensity,21116,"Meat of goat, fresh or chilled",2023,2023,kg CO2eq/kg,48.7154,E,Estimated value
EI,Emissions intensities,780,Trinidad and Tobago,71761,Emissions intensity,21112,"Meat of buffalo, fresh or chilled",2023,2023,kg CO2eq/kg,1662.875,E,Estimated value
EI,Emissions intensities,780,Trinidad and Tobago,71761,Emissions intensity,21115,"Meat of sheep, fresh or chilled",2023,2023,kg CO2eq/kg,34.6722,E,Estimated value
EI,Emissions intensities,780,Trinidad and Tobago,71761,Emissions intensity,21121,"Meat of chickens, fresh or chilled",2023,2023,kg CO2eq/kg,2.9498,E,Estimated value
EI,Emissions intensities,780,Trinidad and Tobago,71761,Emissions intensity,231,"Hen eggs in shell, fresh",2023,2023,kg CO2eq/kg,1.5192,E,Estimated value
EI,Emissions intensities,780,Trinidad and Tobago,71761,Emissions intensity,21113.01,"Meat of pig with the bone, fresh or chilled",2023,2023,kg CO2eq/kg,3.6038,E,Estimated value
EI,Emissions intensities,788,Tunisia,71761,Emissions intensity,F1718,Cereals excluding rice,2023,2023,kg CO2eq/kg,0.4709,E,Estimated value
EI,Emissions intensities,788,Tunisia,71761,Emissions intensity,21111.01,"Meat of cattle with the bone, fresh or chilled",2023,2023,kg CO2eq/kg,4.3674,E,Estimated value
EI,Emissions intensities,788,Tunisia,71761,Emissions intensity,2211,Raw milk of cattle,2023,2023,kg CO2eq/kg,0.5621,E,Estimated value
EI,Emissions intensities,788,Tunisia,71761,Emissions intensity,21116,"Meat of goat, fresh or chilled",2023,2023,kg CO2eq/kg,16.1325,E,Estimated value
EI,Emissions intensities,788,Tunisia,71761,Emissions intensity,2292,Raw milk of goats,2023,2023,kg CO2eq/kg,8.2806,E,Estimated value
EI,Emissions intensities,788,Tunisia,71761,Emissions intensity,21115,"Meat of sheep, fresh or chilled",2023,2023,kg CO2eq/kg,22.5446,E,Estimated value
EI,Emissions intensities,788,Tunisia,71761,Emissions intensity,2291,Raw milk of sheep,2023,2023,kg CO2eq/kg,2.4586,E,Estimated value
EI,Emissions intensities,788,Tunisia,71761,Emissions intensity,2293,Raw milk of camel,2023,2023,kg CO2eq/kg,5.1565,E,Estimated value
EI,Emissions intensities,788,Tunisia,71761,Emissions intensity,21121,"Meat of chickens, fresh or chilled",2023,2023,kg CO2eq/kg,1.9711,E,Estimated value
EI,Emissions intensities,788,Tunisia,71761,Emissions intensity,231,"Hen eggs in shell, fresh",2023,2023,kg CO2eq/kg,1.5224,E,Estimated value
EI,Emissions intensities,788,Tunisia,71761,Emissions intensity,21113.01,"Meat of pig with the bone, fresh or chilled",2023,2023,kg CO2eq/kg,11.4445,E,Estimated value
EI,Emissions intensities,792,Türkiye,71761,Emissions intensity,F1718,Cereals excluding rice,2023,2023,kg CO2eq/kg,0.2263,E,Estimated value
EI,Emissions intensities,792,Türkiye,71761,Emissions intensity,113,Rice,2023,2023,kg CO2eq/kg,1.0348,E,Estimated value
EI,Emissions intensities,792,Türkiye,71761,Emissions intensity,21111.01,"Meat of cattle with the bone, fresh or chilled",2023,2023,kg CO2eq/kg,7.6727,E,Estimated value
EI,Emissions intensities,792,Türkiye,71761,Emissions intensity,2211,Raw milk of cattle,2023,2023,kg CO2eq/kg,0.6971,E,Estimated value
EI,Emissions intensities,792,Türkiye,71761,Emissions intensity,21116,"Meat of goat, fresh or chilled",2023,2023,kg CO2eq/kg,10.1406,E,Estimated value
EI,Emissions intensities,792,Türkiye,71761,Emissions intensity,2292,Raw milk of goats,2023,2023,kg CO2eq/kg,1.9948,E,Estimated value
EI,Emissions intensities,792,Türkiye,71761,Emissions intensity,21112,"Meat of buffalo, fresh or chilled",2023,2023,kg CO2eq/kg,11.712,E,Estimated value
EI,Emissions intensities,792,Türkiye,71761,Emissions intensity,2212,Raw milk of buffalo,2023,2023,kg CO2eq/kg,3.1555,E,Estimated value
EI,Emissions intensities,792,Türkiye,71761,Emissions intensity,21115,"Meat of sheep, fresh or chilled",2023,2023,kg CO2eq/kg,8.1339,E,Estimated value
EI,Emissions intensities,792,Türkiye,71761,Emissions intensity,2291,Raw milk of sheep,2023,2023,kg CO2eq/kg,4.6723,E,Estimated value
EI,Emissions intensities,792,Türkiye,71761,Emissions intensity,21121,"Meat of chickens, fresh or chilled",2023,2023,kg CO2eq/kg,0.405,E,Estimated value
EI,Emissions intensities,792,Türkiye,71761,Emissions intensity,231,"Hen eggs in shell, fresh",2023,2023,kg CO2eq/kg,0.4788,E,Estimated value
EI,Emissions intensities,795,Turkmenistan,71761,Emissions intensity,F1718,Cereals excluding rice,2023,2023,kg CO2eq/kg,0.6894,E,Estimated value
EI,Emissions intensities,795,Turkmenistan,71761,Emissions intensity,113,Rice,2023,2023,kg CO2eq/kg,8.3172,E,Estimated value
EI,Emissions intensities,795,Turkmenistan,71761,Emissions intensity,21111.01,"Meat of cattle with the bone, fresh or chilled",2023,2023,kg CO2eq/kg,13.688,E,Estimated value
EI,Emissions intensities,795,Turkmenistan,71761,Emissions intensity,2211,Raw milk of cattle,2023,2023,kg CO2eq/kg,1.1374,E,Estimated value
EI,Emissions intensities,795,Turkmenistan,71761,Emissions intensity,21116,"Meat of goat, fresh or chilled",2023,2023,kg CO2eq/kg,63.0092,E,Estimated value
EI,Emissions intensities,795,Turkmenistan,71761,Emissions intensity,2292,Raw milk of goats,2023,2023,kg CO2eq/kg,26.0206,E,Estimated value
EI,Emissions intensities,795,Turkmenistan,71761,Emissions intensity,21115,"Meat of sheep, fresh or chilled",2023,2023,kg CO2eq/kg,24.2755,E,Estimated value
EI,Emissions intensities,795,Turkmenistan,71761,Emissions intensity,2293,Raw milk of camel,2023,2023,kg CO2eq/kg,18.6111,E,Estimated value
EI,Emissions intensities,795,Turkmenistan,71761,Emissions intensity,21121,"Meat of chickens, fresh or chilled",2023,2023,kg CO2eq/kg,1.7758,E,Estimated value
EI,Emissions intensities,795,Turkmenistan,71761,Emissions intensity,231,"Hen eggs in shell, fresh",2023,2023,kg CO2eq/kg,0.5397,E,Estimated value
EI,Emissions intensities,795,Turkmenistan,71761,Emissions intensity,21113.01,"Meat of pig with the bone, fresh or chilled",2023,2023,kg CO2eq/kg,4.1383,E,Estimated value
EI,Emissions intensities,798,Tuvalu,71761,Emissions intensity,21121,"Meat of chickens, fresh or chilled",2023,2023,kg CO2eq/kg,2.487,E,Estimated value
EI,Emissions intensities,798,Tuvalu,71761,Emissions intensity,231,"Hen eggs in shell, fresh",2023,2023,kg CO2eq/kg,1.6171,E,Estimated value
EI,Emissions intensities,798,Tuvalu,71761,Emissions intensity,21113.01,"Meat of pig with the bone, fresh or chilled",2023,2023,kg CO2eq/kg,56.695,E,Estimated value
EI,Emissions intensities,800,Uganda,71761,Emissions intensity,F1718,Cereals excluding rice,2023,2023,kg CO2eq/kg,0.0978,E,Estimated value
EI,Emissions intensities,800,Uganda,71761,Emissions intensity,113,Rice,2023,2023,kg CO2eq/kg,1.6678,E,Estimated value
EI,Emissions intensities,800,Uganda,71761,Emissions intensity,21111.01,"Meat of cattle with the bone, fresh or chilled",2023,2023,kg CO2eq/kg,62.7508,E,Estimated value
EI,Emissions intensities,800,Uganda,71761,Emissions intensity,2211,Raw milk of cattle,2023,2023,kg CO2eq/kg,2.4547,E,Estimated value
EI,Emissions intensities,800,Uganda,71761,Emissions intensity,21116,"Meat of goat, fresh or chilled",2023,2023,kg CO2eq/kg,129.052,E,Estimated value
EI,Emissions intensities,800,Uganda,71761,Emissions intensity,21115,"Meat of sheep, fresh or chilled",2023,2023,kg CO2eq/kg,203.775,E,Estimated value
EI,Emissions intensities,800,Uganda,71761,Emissions intensity,21121,"Meat of chickens, fresh or chilled",2023,2023,kg CO2eq/kg,1.7844,E,Estimated value
EI,Emissions intensities,800,Uganda,71761,Emissions intensity,231,"Hen eggs in shell, fresh",2023,2023,kg CO2eq/kg,1.0563,E,Estimated value
EI,Emissions intensities,800,Uganda,71761,Emissions intensity,21113.01,"Meat of pig with the bone, fresh or chilled",2023,2023,kg CO2eq/kg,9.0999,E,Estimated value
EI,Emissions intensities,804,Ukraine,71761,Emissions intensity,F1718,Cereals excluding rice,2023,2023,kg CO2eq/kg,0.1156,E,Estimated value
EI,Emissions intensities,804,Ukraine,71761,Emissions intensity,113,Rice,2023,2023,kg CO2eq/kg,65.9368,E,Estimated value
EI,Emissions intensities,804,Ukraine,71761,Emissions intensity,21111.01,"Meat of cattle with the bone, fresh or chilled",2023,2023,kg CO2eq/kg,8.3901,E,Estimated value
EI,Emissions intensities,804,Ukraine,71761,Emissions intensity,2211,Raw milk of cattle,2023,2023,kg CO2eq/kg,0.6634,E,Estimated value
EI,Emissions intensities,804,Ukraine,71761,Emissions intensity,21116,"Meat of goat, fresh or chilled",2023,2023,kg CO2eq/kg,2.9656,E,Estimated value
EI,Emissions intensities,804,Ukraine,71761,Emissions intensity,2292,Raw milk of goats,2023,2023,kg CO2eq/kg,0.6003,E,Estimated value
EI,Emissions intensities,804,Ukraine,71761,Emissions intensity,21115,"Meat of sheep, fresh or chilled",2023,2023,kg CO2eq/kg,15.3262,E,Estimated value
EI,Emissions intensities,804,Ukraine,71761,Emissions intensity,2291,Raw milk of sheep,2023,2023,kg CO2eq/kg,6.3472,E,Estimated value
EI,Emissions intensities,804,Ukraine,71761,Emissions intensity,21121,"Meat of chickens, fresh or chilled",2023,2023,kg CO2eq/kg,0.2554,E,Estimated value
EI,Emissions intensities,804,Ukraine,71761,Emissions intensity,231,"Hen eggs in shell, fresh",2023,2023,kg CO2eq/kg,1.5898,E,Estimated value
EI,Emissions intensities,804,Ukraine,71761,Emissions intensity,21113.01,"Meat of pig with the bone, fresh or chilled",2023,2023,kg CO2eq/kg,1.6374,E,Estimated value
EI,Emissions intensities,784,United Arab Emirates,71761,Emissions intensity,F1718,Cereals excluding rice,2023,2023,kg CO2eq/kg,1.6806,E,Estimated value
EI,Emissions intensities,784,United Arab Emirates,71761,Emissions intensity,21111.01,"Meat of cattle with the bone, fresh or chilled",2023,2023,kg CO2eq/kg,4.4014,E,Estimated value
EI,Emissions intensities,784,United Arab Emirates,71761,Emissions intensity,2211,Raw milk of cattle,2023,2023,kg CO2eq/kg,1.6004,E,Estimated value
EI,Emissions intensities,784,United Arab Emirates,71761,Emissions intensity,21116,"Meat of goat, fresh or chilled",2023,2023,kg CO2eq/kg,5.815,E,Estimated value
EI,Emissions intensities,784,United Arab Emirates,71761,Emissions intensity,2292,Raw milk of goats,2023,2023,kg CO2eq/kg,2.2761,E,Estimated value
EI,Emissions intensities,784,United Arab Emirates,71761,Emissions intensity,21115,"Meat of sheep, fresh or chilled",2023,2023,kg CO2eq/kg,86.7122,E,Estimated value
EI,Emissions intensities,784,United Arab Emirates,71761,Emissions intensity,2291,Raw milk of sheep,2023,2023,kg CO2eq/kg,3.2817,E,Estimated value
EI,Emissions intensities,784,United Arab Emirates,71761,Emissions intensity,2293,Raw milk of camel,2023,2023,kg CO2eq/kg,5.9842,E,Estimated value
EI,Emissions intensities,784,United Arab Emirates,71761,Emissions intensity,21121,"Meat of chickens, fresh or chilled",2023,2023,kg CO2eq/kg,1.4231,E,Estimated value
EI,Emissions intensities,784,United Arab Emirates,71761,Emissions intensity,231,"Hen eggs in shell, fresh",2023,2023,kg CO2eq/kg,0.4669,E,Estimated value
EI,Emissions intensities,826,United Kingdom of Great Britain and Northern Ireland,71761,Emissions intensity,F1718,Cereals excluding rice,2023,2023,kg CO2eq/kg,0.1552,E,Estimated value
EI,Emissions intensities,826,United Kingdom of Great Britain and Northern Ireland,71761,Emissions intensity,21111.01,"Meat of cattle with the bone, fresh or chilled",2023,2023,kg CO2eq/kg,18.7012,E,Estimated value
EI,Emissions intensities,826,United Kingdom of Great Britain and Northern Ireland,71761,Emissions intensity,2211,Raw milk of cattle,2023,2023,kg CO2eq/kg,0.552,E,Estimated value
EI,Emissions intensities,826,United Kingdom of Great Britain and Northern Ireland,71761,Emissions intensity,21115,"Meat of sheep, fresh or chilled",2023,2023,kg CO2eq/kg,35.9798,E,Estimated value
EI,Emissions intensities,826,United Kingdom of Great Britain and Northern Ireland,71761,Emissions intensity,21121,"Meat of chickens, fresh or chilled",2023,2023,kg CO2eq/kg,0.2146,E,Estimated value
EI,Emissions intensities,826,United Kingdom of Great Britain and Northern Ireland,71761,Emissions intensity,231,"Hen eggs in shell, fresh",2023,2023,kg CO2eq/kg,0.78,E,Estimated value
EI,Emissions intensities,826,United Kingdom of Great Britain and Northern Ireland,71761,Emissions intensity,21113.01,"Meat of pig with the bone, fresh or chilled",2023,2023,kg CO2eq/kg,1.4646,E,Estimated value
EI,Emissions intensities,834,United Republic of Tanzania,71761,Emissions intensity,F1718,Cereals excluding rice,2023,2023,kg CO2eq/kg,0.1627,E,Estimated value
EI,Emissions intensities,834,United Republic of Tanzania,71761,Emissions intensity,113,Rice,2023,2023,kg CO2eq/kg,1.5857,E,Estimated value
EI,Emissions intensities,834,United Republic of Tanzania,71761,Emissions intensity,21111.01,"Meat of cattle with the bone, fresh or chilled",2023,2023,kg CO2eq/kg,68.3294,E,Estimated value
EI,Emissions intensities,834,United Republic of Tanzania,71761,Emissions intensity,2211,Raw milk of cattle,2023,2023,kg CO2eq/kg,4.733,E,Estimated value
EI,Emissions intensities,834,United Republic of Tanzania,71761,Emissions intensity,21116,"Meat of goat, fresh or chilled",2023,2023,kg CO2eq/kg,66.5334,E,Estimated value
EI,Emissions intensities,834,United Republic of Tanzania,71761,Emissions intensity,2292,Raw milk of goats,2023,2023,kg CO2eq/kg,4.4605,E,Estimated value
EI,Emissions intensities,834,United Republic of Tanzania,71761,Emissions intensity,21115,"Meat of sheep, fresh or chilled",2023,2023,kg CO2eq/kg,59.5004,E,Estimated value
EI,Emissions intensities,834,United Republic of Tanzania,71761,Emissions intensity,21121,"Meat of chickens, fresh or chilled",2023,2023,kg CO2eq/kg,0.292,E,Estimated value
EI,Emissions intensities,834,United Republic of Tanzania,71761,Emissions intensity,231,"Hen eggs in shell, fresh",2023,2023,kg CO2eq/kg,0.7876,E,Estimated value
EI,Emissions intensities,834,United Republic of Tanzania,71761,Emissions intensity,21113.01,"Meat of pig with the bone, fresh or chilled",2023,2023,kg CO2eq/kg,2.8743,E,Estimated value
EI,Emissions intensities,840,United States of America,71761,Emissions intensity,F1718,Cereals excluding rice,2023,2023,kg CO2eq/kg,0.1612,E,Estimated value
EI,Emissions intensities,840,United States of America,71761,Emissions intensity,113,Rice,2023,2023,kg CO2eq/kg,1.3296,E,Estimated value
EI,Emissions intensities,840,United States of America,71761,Emissions intensity,21111.01,"Meat of cattle with the bone, fresh or chilled",2023,2023,kg CO2eq/kg,12.8121,E,Estimated value
EI,Emissions intensities,840,United States of America,71761,Emissions intensity,2211,Raw milk of cattle,2023,2023,kg CO2eq/kg,0.509,E,Estimated value
EI,Emissions intensities,840,United States of America,71761,Emissions intensity,21116,"Meat of goat, fresh or chilled",2023,2023,kg CO2eq/kg,44.144,E,Estimated value
EI,Emissions intensities,840,United States of America,71761,Emissions intensity,2292,Raw milk of goats,2023,2023,kg CO2eq/kg,1.7987,E,Estimated value
EI,Emissions intensities,840,United States of America,71761,Emissions intensity,21115,"Meat of sheep, fresh or chilled",2023,2023,kg CO2eq/kg,23.0828,E,Estimated value
EI,Emissions intensities,840,United States of America,71761,Emissions intensity,21121,"Meat of chickens, fresh or chilled",2023,2023,kg CO2eq/kg,0.1939,E,Estimated value
EI,Emissions intensities,840,United States of America,71761,Emissions intensity,231,"Hen eggs in shell, fresh",2023,2023,kg CO2eq/kg,0.4705,E,Estimated value
EI,Emissions intensities,840,United States of America,71761,Emissions intensity,21113.01,"Meat of pig with the bone, fresh or chilled",2023,2023,kg CO2eq/kg,2.4093,E,Estimated value
EI,Emissions intensities,858,Uruguay,71761,Emissions intensity,F1718,Cereals excluding rice,2023,2023,kg CO2eq/kg,0.2463,E,Estimated value
EI,Emissions intensities,858,Uruguay,71761,Emissions intensity,113,Rice,2023,2023,kg CO2eq/kg,1.1172,E,Estimated value
EI,Emissions intensities,858,Uruguay,71761,Emissions intensity,21111.01,"Meat of cattle with the bone, fresh or chilled",2023,2023,kg CO2eq/kg,37.34,E,Estimated value
EI,Emissions intensities,858,Uruguay,71761,Emissions intensity,2211,Raw milk of cattle,2023,2023,kg CO2eq/kg,0.803,E,Estimated value
EI,Emissions intensities,858,Uruguay,71761,Emissions intensity,21115,"Meat of sheep, fresh or chilled",2023,2023,kg CO2eq/kg,57.2226,E,Estimated value
EI,Emissions intensities,858,Uruguay,71761,Emissions intensity,21121,"Meat of chickens, fresh or chilled",2023,2023,kg CO2eq/kg,2.3665,E,Estimated value
EI,Emissions intensities,858,Uruguay,71761,Emissions intensity,231,"Hen eggs in shell, fresh",2023,2023,kg CO2eq/kg,0.2734,E,Estimated value
EI,Emissions intensities,858,Uruguay,71761,Emissions intensity,21113.01,"Meat of pig with the bone, fresh or chilled",2023,2023,kg CO2eq/kg,2.5691,E,Estimated value
EI,Emissions intensities,860,Uzbekistan,71761,Emissions intensity,F1718,Cereals excluding rice,2023,2023,kg CO2eq/kg,0.2754,E,Estimated value
EI,Emissions intensities,860,Uzbekistan,71761,Emissions intensity,113,Rice,2023,2023,kg CO2eq/kg,3.9303,E,Estimated value
EI,Emissions intensities,860,Uzbekistan,71761,Emissions intensity,21111.01,"Meat of cattle with the bone, fresh or chilled",2023,2023,kg CO2eq/kg,13.9622,E,Estimated value
EI,Emissions intensities,860,Uzbekistan,71761,Emissions intensity,2211,Raw milk of cattle,2023,2023,kg CO2eq/kg,1.2459,E,Estimated value
EI,Emissions intensities,860,Uzbekistan,71761,Emissions intensity,21115,"Meat of sheep, fresh or chilled",2023,2023,kg CO2eq/kg,18.3824,E,Estimated value
EI,Emissions intensities,860,Uzbekistan,71761,Emissions intensity,21121,"Meat of chickens, fresh or chilled",2023,2023,kg CO2eq/kg,1.0555,E,Estimated value
EI,Emissions intensities,860,Uzbekistan,71761,Emissions intensity,231,"Hen eggs in shell, fresh",2023,2023,kg CO2eq/kg,0.4091,E,Estimated value
EI,Emissions intensities,860,Uzbekistan,71761,Emissions intensity,21113.01,"Meat of pig with the bone, fresh or chilled",2023,2023,kg CO2eq/kg,1.8001,E,Estimated value
EI,Emissions intensities,548,Vanuatu,71761,Emissions intensity,F1718,Cereals excluding rice,2023,2023,kg CO2eq/kg,0.2274,E,Estimated value
EI,Emissions intensities,548,Vanuatu,71761,Emissions intensity,21111.01,"Meat of cattle with the bone, fresh or chilled",2023,2023,kg CO2eq/kg,95.8113,E,Estimated value
EI,Emissions intensities,548,Vanuatu,71761,Emissions intensity,2211,Raw milk of cattle,2023,2023,kg CO2eq/kg,17.8229,E,Estimated value
EI,Emissions intensities,548,Vanuatu,71761,Emissions intensity,21116,"Meat of goat, fresh or chilled",2023,2023,kg CO2eq/kg,118.3915,E,Estimated value
EI,Emissions intensities,548,Vanuatu,71761,Emissions intensity,21121,"Meat of chickens, fresh or chilled",2023,2023,kg CO2eq/kg,1.7828,E,Estimated value
EI,Emissions intensities,548,Vanuatu,71761,Emissions intensity,231,"Hen eggs in shell, fresh",2023,2023,kg CO2eq/kg,1.1178,E,Estimated value
EI,Emissions intensities,548,Vanuatu,71761,Emissions intensity,21113.01,"Meat of pig with the bone, fresh or chilled",2023,2023,kg CO2eq/kg,13.2713,E,Estimated value
EI,Emissions intensities,862,Venezuela (Bolivarian Republic of),71761,Emissions intensity,F1718,Cereals excluding rice,2023,2023,kg CO2eq/kg,0.2104,E,Estimated value
EI,Emissions intensities,862,Venezuela (Bolivarian Republic of),71761,Emissions intensity,113,Rice,2023,2023,kg CO2eq/kg,2.0835,E,Estimated value
EI,Emissions intensities,862,Venezuela (Bolivarian Republic of),71761,Emissions intensity,21111.01,"Meat of cattle with the bone, fresh or chilled",2023,2023,kg CO2eq/kg,77.4564,E,Estimated value
EI,Emissions intensities,862,Venezuela (Bolivarian Republic of),71761,Emissions intensity,2211,Raw milk of cattle,2023,2023,kg CO2eq/kg,2.8475,E,Estimated value
EI,Emissions intensities,862,Venezuela (Bolivarian Republic of),71761,Emissions intensity,21116,"Meat of goat, fresh or chilled",2023,2023,kg CO2eq/kg,53.4651,E,Estimated value
EI,Emissions intensities,862,Venezuela (Bolivarian Republic of),71761,Emissions intensity,21115,"Meat of sheep, fresh or chilled",2023,2023,kg CO2eq/kg,36.3886,E,Estimated value
EI,Emissions intensities,862,Venezuela (Bolivarian Republic of),71761,Emissions intensity,21121,"Meat of chickens, fresh or chilled",2023,2023,kg CO2eq/kg,0.956,E,Estimated value
EI,Emissions intensities,862,Venezuela (Bolivarian Republic of),71761,Emissions intensity,231,"Hen eggs in shell, fresh",2023,2023,kg CO2eq/kg,0.3355,E,Estimated value
EI,Emissions intensities,862,Venezuela (Bolivarian Republic of),71761,Emissions intensity,21113.01,"Meat of pig with the bone, fresh or chilled",2023,2023,kg CO2eq/kg,6.4207,E,Estimated value
EI,Emissions intensities,704,Viet Nam,71761,Emissions intensity,F1718,Cereals excluding rice,2023,2023,kg CO2eq/kg,0.1918,E,Estimated value
EI,Emissions intensities,704,Viet Nam,71761,Emissions intensity,113,Rice,2023,2023,kg CO2eq/kg,1.0352,E,Estimated value
EI,Emissions intensities,704,Viet Nam,71761,Emissions intensity,21111.01,"Meat of cattle with the bone, fresh or chilled",2023,2023,kg CO2eq/kg,40.0053,E,Estimated value
EI,Emissions intensities,704,Viet Nam,71761,Emissions intensity,2211,Raw milk of cattle,2023,2023,kg CO2eq/kg,0.793,E,Estimated value
EI,Emissions intensities,704,Viet Nam,71761,Emissions intensity,21116,"Meat of goat, fresh or chilled",2023,2023,kg CO2eq/kg,30.3546,E,Estimated value
EI,Emissions intensities,704,Viet Nam,71761,Emissions intensity,21112,"Meat of buffalo, fresh or chilled",2023,2023,kg CO2eq/kg,64.9657,E,Estimated value
EI,Emissions intensities,704,Viet Nam,71761,Emissions intensity,2212,Raw milk of buffalo,2023,2023,kg CO2eq/kg,2.0746,E,Estimated value
EI,Emissions intensities,704,Viet Nam,71761,Emissions intensity,21121,"Meat of chickens, fresh or chilled",2023,2023,kg CO2eq/kg,0.9019,E,Estimated value
EI,Emissions intensities,704,Viet Nam,71761,Emissions intensity,231,"Hen eggs in shell, fresh",2023,2023,kg CO2eq/kg,0.9653,E,Estimated value
EI,Emissions intensities,704,Viet Nam,71761,Emissions intensity,21113.01,"Meat of pig with the bone, fresh or chilled",2023,2023,kg CO2eq/kg,1.6225,E,Estimated value
EI,Emissions intensities,887,Yemen,71761,Emissions intensity,F1718,Cereals excluding rice,2023,2023,kg CO2eq/kg,0.153,E,Estimated value
EI,Emissions intensities,887,Yemen,71761,Emissions intensity,21111.01,"Meat of cattle with the bone, fresh or chilled",2023,2023,kg CO2eq/kg,25.2809,E,Estimated value
EI,Emissions intensities,887,Yemen,71761,Emissions intensity,2211,Raw milk of cattle,2023,2023,kg CO2eq/kg,3.4884,E,Estimated value
EI,Emissions intensities,887,Yemen,71761,Emissions intensity,21116,"Meat of goat, fresh or chilled",2023,2023,kg CO2eq/kg,20.1737,E,Estimated value
EI,Emissions intensities,887,Yemen,71761,Emissions intensity,2292,Raw milk of goats,2023,2023,kg CO2eq/kg,5.2579,E,Estimated value
EI,Emissions intensities,887,Yemen,71761,Emissions intensity,21115,"Meat of sheep, fresh or chilled",2023,2023,kg CO2eq/kg,43.1354,E,Estimated value
EI,Emissions intensities,887,Yemen,71761,Emissions intensity,2291,Raw milk of sheep,2023,2023,kg CO2eq/kg,6.3961,E,Estimated value
EI,Emissions intensities,887,Yemen,71761,Emissions intensity,2293,Raw milk of camel,2023,2023,kg CO2eq/kg,61.6472,E,Estimated value
EI,Emissions intensities,887,Yemen,71761,Emissions intensity,21121,"Meat of chickens, fresh or chilled",2023,2023,kg CO2eq/kg,1.1766,E,Estimated value
EI,Emissions intensities,887,Yemen,71761,Emissions intensity,231,"Hen eggs in shell, fresh",2023,2023,kg CO2eq/kg,0.7192,E,Estimated value
EI,Emissions intensities,894,Zambia,71761,Emissions intensity,F1718,Cereals excluding rice,2023,2023,kg CO2eq/kg,0.4392,E,Estimated value
EI,Emissions intensities,894,Zambia,71761,Emissions intensity,113,Rice,2023,2023,kg CO2eq/kg,2.1851,E,Estimated value
EI,Emissions intensities,894,Zambia,71761,Emissions intensity,21111.01,"Meat of cattle with the bone, fresh or chilled",2023,2023,kg CO2eq/kg,26.0053,E,Estimated value
EI,Emissions intensities,894,Zambia,71761,Emissions intensity,2211,Raw milk of cattle,2023,2023,kg CO2eq/kg,1.4305,E,Estimated value
EI,Emissions intensities,894,Zambia,71761,Emissions intensity,21116,"Meat of goat, fresh or chilled",2023,2023,kg CO2eq/kg,63.8985,E,Estimated value
EI,Emissions intensities,894,Zambia,71761,Emissions intensity,21115,"Meat of sheep, fresh or chilled",2023,2023,kg CO2eq/kg,57.8447,E,Estimated value
EI,Emissions intensities,894,Zambia,71761,Emissions intensity,21121,"Meat of chickens, fresh or chilled",2023,2023,kg CO2eq/kg,2.3957,E,Estimated value
EI,Emissions intensities,894,Zambia,71761,Emissions intensity,231,"Hen eggs in shell, fresh",2023,2023,kg CO2eq/kg,0.982,E,Estimated value
EI,Emissions intensities,894,Zambia,71761,Emissions intensity,21113.01,"Meat of pig with the bone, fresh or chilled",2023,2023,kg CO2eq/kg,11.5943,E,Estimated value
EI,Emissions intensities,716,Zimbabwe,71761,Emissions intensity,F1718,Cereals excluding rice,2023,2023,kg CO2eq/kg,0.5754,E,Estimated value
EI,Emissions intensities,716,Zimbabwe,71761,Emissions intensity,113,Rice,2023,2023,kg CO2eq/kg,177.8252,E,Estimated value
EI,Emissions intensities,716,Zimbabwe,71761,Emissions intensity,21111.01,"Meat of cattle with the bone, fresh or chilled",2023,2023,kg CO2eq/kg,8.2126,E,Estimated value
EI,Emissions intensities,716,Zimbabwe,71761,Emissions intensity,2211,Raw milk of cattle,2023,2023,kg CO2eq/kg,4.3647,E,Estimated value
EI,Emissions intensities,716,Zimbabwe,71761,Emissions intensity,21116,"Meat of goat, fresh or chilled",2023,2023,kg CO2eq/kg,44.2147,E,Estimated value
EI,Emissions intensities,716,Zimbabwe,71761,Emissions intensity,21115,"Meat of sheep, fresh or chilled",2023,2023,kg CO2eq/kg,32.077,E,Estimated value
EI,Emissions intensities,716,Zimbabwe,71761,Emissions intensity,21121,"Meat of chickens, fresh or chilled",2023,2023,kg CO2eq/kg,0.458,E,Estimated value
EI,Emissions intensities,716,Zimbabwe,71761,Emissions intensity,231,"Hen eggs in shell, fresh",2023,2023,kg CO2eq/kg,1.1635,E,Estimated value
EI,Emissions intensities,716,Zimbabwe,71761,Emissions intensity,21113.01,"Meat of pig with the bone, fresh or chilled",2023,2023,kg CO2eq/kg,5.8162,E,Estimated value
